goal_id,user_id,name,goal_type,target_value,unit,target_date,predicted_completion_date,status_flag,r2_score,mae,current_value,days_remaining,forecast_valid
48c986da-7631-41dc-96c5-7d5f35b87ff6,e115e9e2-469c-47a3-a6c8-bac9af8e802a,Guy Molina,muscle_gain,6.5,kg,2027-02-03,2026-06-21,on_track,0.024759787696040148,5.495567327582829,30.0,227,True
31b6bce5-19fe-42eb-8f48-a83ad2d00137,ea7f98d6-cd33-4b1a-9bbf-95cef8c96c8e,Madison Baker,weight_loss,8.0,kg,2026-09-28,2027-06-21,at_risk,0.06546687971790721,1.9791451868223067,105.7,99,False
c2591f83-78f0-485e-a2c9-3dc0daeb9c95,d3de40d4-9b28-47c8-881b-6448cffbda48,Jason Daniels,weight_loss,13.8,kg,2026-12-05,2027-06-21,at_risk,0.017781455760966902,2.0652725968649426,78.6,167,False
52a0fdbd-40d3-470a-b99b-aecbe44a61c0,fa7870bf-f951-4323-85a2-5223258c660d,Adam Vaughan,muscle_gain,7.5,kg,2026-10-12,2026-06-21,on_track,0.0002053535092717551,5.690202230665523,28.4,113,True
9814c576-8237-4b29-bfac-5fcbd5862c30,aec4ec51-bcc9-404b-97fd-19bb8ce020fa,Elizabeth Fowler,weight_loss,10.9,kg,2026-07-17,2027-06-21,at_risk,8.451294995859282e-05,2.0365111559628764,97.3,26,False
c62fb2a5-4654-4e54-86fb-d90282517db5,f9f9917c-e986-4c7e-8d76-8f9ea3af4fbd,Ruben Aguilar,muscle_gain,5.9,kg,2026-11-05,2026-06-21,on_track,0.00421730089159944,6.045404647478861,45.1,137,True
e1a5d971-6a25-4cb8-a75e-24b120929803,3d9e14c8-c3ab-410c-bce2-9645bdf8b522,Thomas Ellis,weight_loss,4.3,kg,2026-12-06,2027-06-21,at_risk,0.002984464149372923,2.062834934791922,90.3,168,False
b2b7f4de-adad-4a39-bee4-0bde6ba93a42,42f6d739-7c59-42ea-8c68-5ef0ba11f0e3,Scott Jones,muscle_gain,5.0,kg,2026-06-28,2026-06-21,on_track,3.584947810220118e-05,5.859134088827757,33.9,7,True
51e6f776-3b66-4623-8fe1-05cfd09131bb,3432f233-df16-4e2b-a9c2-f9c87b77dc2e,Wayne House,weight_loss,5.9,kg,2026-09-19,2027-06-21,at_risk,0.01837970502359476,2.273987517055121,77.4,90,False
62408c82-5218-416b-9e49-cee7ce82da49,57eaf1ce-cfb6-4204-b686-b4a079673089,Anthony Gray,muscle_gain,4.6,kg,2026-09-04,2026-06-21,on_track,0.009506650147098727,5.999714290673605,46.3,75,True
81c7810b-7ca2-468b-ac0c-e8dd8b429f75,46387f20-234e-4e52-9423-194fffaec4b1,Kaitlyn Mueller,muscle_gain,2.6,kg,2026-11-30,2026-06-21,on_track,0.22683074957586713,4.373395259579219,38.3,162,True
2465cf3c-b322-4dea-a0f4-e3206073704d,243db40b-7090-4ce5-80e7-b41b8fec4c9e,Wayne Riley,muscle_gain,2.4,kg,2026-08-27,2026-06-21,on_track,0.01161578087175319,6.183983142457746,42.3,67,True
8ad2ac76-0818-4404-9655-bdb065d18be1,be52ffc8-2cf7-4976-a677-7966323f17e6,Ronald Kelley,muscle_gain,7.5,kg,2026-11-19,2026-06-21,on_track,0.02818086370084294,4.31441762786514,39.1,151,True
65767ec2-6e83-414b-b644-c0d74a7c476f,5f5a7ec6-2876-48d8-b27f-48cc638ffa66,Ashley Burton,weight_loss,8.8,kg,2026-08-23,2027-06-21,at_risk,0.0006817765888661453,1.9961616318642432,59.7,63,False
d9736d96-7d87-4c6c-b279-efa0ca21a3a4,0bfeebf7-6d97-49dd-bb35-c78283f20e78,Jeff Hill,weight_loss,4.0,kg,2026-07-11,2027-06-21,at_risk,5.759079369838105e-05,2.0984924617588705,94.4,20,False
663e76e0-8e24-4800-8d28-74049e28bca6,bf0d340c-1119-41ac-a283-8452e2e82ee2,Melissa Burton,muscle_gain,3.3,kg,2026-10-20,2026-06-21,on_track,0.07439397899961087,5.6547189392479815,44.7,121,True
2627d042-4032-487e-809f-006e74ef6c88,9e542a3f-22dc-40bb-8fb5-d19f4fc86abf,Samuel White,muscle_gain,3.3,kg,2027-02-04,2026-06-21,on_track,0.00106474314597238,6.463858899048185,38.4,228,True
6a6ab2b5-3128-4049-bee0-9694df84331e,bf20ca6c-43d9-43bb-9f8d-db92ea6763d6,Aaron Frost,muscle_gain,3.6,kg,2026-12-27,2026-06-21,on_track,0.04864871090106515,5.510298150277482,46.9,189,True
62e95494-ab41-49b2-a1a6-25b60467f951,31e25c5f-fd82-4d0b-9eba-05488a459976,Matthew Lynch,muscle_gain,3.7,kg,2027-01-24,2026-06-21,on_track,0.01646661584636533,6.078615232796953,35.7,217,True
796270b6-ec3f-4e13-a7d4-b6c3983b5d27,e785fd5d-2d4e-4427-8760-c586c5668787,Tina Cowan,weight_loss,14.7,kg,2026-08-15,2027-06-21,at_risk,0.04930255532084293,1.8360556514247337,93.4,55,False
ae619a1d-e119-4604-b209-6b80f372df18,d28370e9-31fc-409c-b33d-bd8e42229d80,Joshua Dudley,weight_loss,9.1,kg,2026-07-31,2027-06-21,at_risk,0.004418862588881356,2.0197628915897052,62.2,40,False
9a021c9a-5275-47fd-a517-0cfebca2d6b1,8b3690f8-c1ae-41e4-b666-8f0b369180c9,Marcus Johnson,weight_loss,17.6,kg,2026-11-06,2027-06-21,at_risk,0.000313086068025048,2.0074535142105203,95.7,138,False
0e58a7ce-04ed-40ad-a7a4-200dd2d3fa0f,d03418b2-7c7f-4bd7-afb5-a76679919296,Michael Hill,muscle_gain,6.7,kg,2026-11-09,2026-06-21,on_track,0.0004317309550514459,6.678742015617454,44.1,141,True
906dcfa5-7eaf-42e2-b677-ac9b2f8b57c7,b9a49a4b-8923-409a-970c-bbeb72543d56,Jennifer Oliver,weight_loss,15.2,kg,2026-07-03,2027-06-21,at_risk,0.027230248930901313,1.8150609743529318,91.7,12,False
f25a6f2b-85f9-4559-a151-584377d79810,d8a84371-0bf6-4018-8bce-f9cf7c35a04e,Paul Wilson,weight_loss,14.6,kg,2026-09-04,2027-06-21,at_risk,0.011002936108781114,2.005940366253548,85.2,75,False
d784f042-9e1e-4ed6-9c05-d7385a69961b,57eaf1ce-cfb6-4204-b686-b4a079673089,Anthony Gray,weight_loss,3.1,kg,2026-07-07,2027-06-21,at_risk,0.0020771640068262265,1.9082238224412846,62.9,16,False
f45387b5-679c-4b8a-9ae6-5507f25b7ab1,fa9c9b65-bf2d-4857-a767-695d9b845b72,Kevin Dominguez,muscle_gain,8.0,kg,2026-07-10,2026-06-21,on_track,0.009914468441275082,6.001277768557991,28.9,19,True
29e68b0e-5dcf-4b71-941d-f7b82877a2eb,ade33083-8b1e-4e55-99e5-5e08a793f2a5,Devin Morton,weight_loss,7.8,kg,2026-11-18,2027-06-21,at_risk,0.017015268984380216,1.9231187256090627,102.3,150,False
057ef870-9a5b-43c8-91d1-28df6219c72d,b00a1f49-8af2-4126-8081-2c49eb1d9164,Nancy Rhodes,muscle_gain,3.2,kg,2026-12-17,2026-06-21,on_track,0.0075180778160789385,5.321727482810529,33.6,179,True
cd35527b-8163-4ada-b5c4-5ac4af0dd7c7,d7754ebc-b014-4fc3-b3c7-3d734c05fa83,Mackenzie Rogers,weight_loss,10.0,kg,2026-09-08,2027-06-21,at_risk,0.020483325817760356,1.9337584911936387,67.1,79,False
dde529cf-61d6-4750-baf8-9d74df5e7ebb,db348f66-63f2-49e9-8548-e9a92485f646,Paul Decker,muscle_gain,2.9,kg,2026-07-15,2026-06-21,on_track,0.029548769942184916,5.241182431897462,30.5,24,True
60ddf3a7-03e1-4dbf-bf05-7d008610e792,823d0211-4096-42d5-826e-d737c611b289,Jesse Henderson,muscle_gain,5.1,kg,2026-09-09,2026-06-21,on_track,0.036034532352970605,6.013812001518198,30.3,80,True
4a8e1bfa-f173-48bb-a3bf-e471567f07d2,5aa51cb1-cc22-44de-8bec-dbd1834c741c,Christine Hahn,weight_loss,9.2,kg,2026-08-25,2027-06-21,at_risk,0.056189073242991494,2.112204505795249,59.3,65,False
68c313f0-2a5d-4cf1-b1d2-09837fd55635,8d09df55-51e7-4677-bd4d-9a46ff615d75,Ashley Yu,muscle_gain,5.9,kg,2026-11-04,2026-06-21,on_track,0.02780152826918214,5.296727690841117,34.1,136,True
f9a81acb-78b2-4a9d-a0c1-3803151c6f60,d03418b2-7c7f-4bd7-afb5-a76679919296,Michael Hill,muscle_gain,2.0,kg,2026-07-28,2026-06-21,on_track,0.0004317309550514459,6.678742015617454,44.1,37,True
6469c3ae-6386-42b6-8ac7-e61b72c877e8,17f63cf2-7735-4a6f-9bf1-d2bfff51459e,Christina Collins,muscle_gain,6.7,kg,2026-08-30,2026-06-21,on_track,0.06192963481709657,5.549579916370474,45.9,70,True
edb88373-5a8c-4159-8556-b01fad9b7e43,5d1cae21-c675-4a9c-8001-7447cbef0c08,Rhonda Smith,muscle_gain,8.5,kg,2026-11-27,2026-06-21,on_track,0.004791791220957187,4.759106854544785,27.5,159,True
7f6ddc0e-83ad-40b9-8314-504db04b53f2,b5ddfc9d-47a1-4f08-a53b-7104752b8213,James Morgan,muscle_gain,2.3,kg,2027-01-25,2026-06-21,on_track,0.013292963590098683,5.646093681205934,33.4,218,True
8b555c1c-7c07-41a5-9071-f72d2ca2a11b,df743133-fbed-4096-93e8-400a3410ff46,Jeffrey Johnson,weight_loss,16.4,kg,2026-07-03,2027-06-21,at_risk,0.005823250429682569,1.976427253923347,94.4,12,False
8046d534-cebf-4334-8ae7-d0e89ef7acb3,aa4354e6-ccdd-4e23-9a6d-5aba5b6cc89c,Ashley Johnson,weight_loss,16.0,kg,2027-02-02,2027-06-21,at_risk,0.01191963508185101,1.9385960610873174,87.6,226,False
0fc21ecf-2bc0-4209-ba1e-377007bda648,083b1362-bc66-45a2-a623-6adc7d997fc8,David Caldwell,weight_loss,17.3,kg,2026-09-27,2027-06-21,at_risk,0.006254797303262727,1.9946598355025296,63.3,98,False
8fb874f1-73bc-490e-bbd8-6c1881c4df57,1d323480-1326-4c3a-8042-9c5674ba725a,Jamie Arnold,muscle_gain,9.3,kg,2027-01-02,2026-06-21,on_track,0.04361633253495023,5.9158908842942735,29.8,195,True
353ce281-238b-4f21-9866-4de8336c9e35,da06f410-26c6-4a37-86b7-f82cd7e7b670,Chad Wilson,muscle_gain,5.5,kg,2026-07-12,2026-06-21,on_track,0.042312935227559745,5.098330224100201,45.5,21,True
58636579-2371-4bb5-96ed-5b305b1b7e29,16fa7aa6-4389-4018-bb52-4e0ba485b5f1,David Benson,weight_loss,12.5,kg,2027-01-15,2027-06-21,at_risk,0.011009279154959417,2.138160834643547,72.8,208,False
e2c51c41-1f6d-42d4-8a83-20115d0b9033,5565e635-878c-4637-bbd1-6219efdbac87,John Lewis,muscle_gain,5.5,kg,2027-01-30,2026-06-21,on_track,0.049047173852286186,5.844626652831171,28.6,223,True
c1cc4cad-7a99-47cb-9e75-943cac409743,2076ef78-4e01-4c92-a12d-c5d9dbb47247,James Elliott,muscle_gain,4.2,kg,2026-10-01,2026-06-21,on_track,0.007272029731058227,5.263538219141021,41.2,102,True
0fc92ed0-5a08-4c5e-9278-ac602643aca3,48345b50-4989-4349-bffb-5323d37b35ba,Sherri Edwards,weight_loss,9.5,kg,2027-01-22,2027-06-21,at_risk,0.027570169657616272,2.0408495370477278,67.9,215,False
320f8203-3b21-467a-ac0a-c21e65404d4a,d7754ebc-b014-4fc3-b3c7-3d734c05fa83,Mackenzie Rogers,weight_loss,12.5,kg,2026-10-07,2027-06-21,at_risk,0.020483325817760356,1.9337584911936387,67.1,108,False
2a7ee473-0a56-405a-8e06-fac8e6804c76,97b1159f-efce-4ae2-af83-6152e077408c,Mark Green,muscle_gain,6.7,kg,2026-08-30,2026-06-21,on_track,0.07348701635102717,5.705288099387025,24.0,70,True
71adac6c-a352-4a9f-a5a7-d4ffebbf3675,437a1565-bd60-4d6c-a823-8e8eeb35e531,Lauren Hurst,weight_loss,5.6,kg,2027-02-01,2027-06-21,at_risk,0.005276808110501352,1.8878810821793486,58.8,225,False
c64d3d88-9895-4a9c-9a6e-43f2cfe1fbf8,f9dcabdc-ab7e-44b5-8b23-cb1e56d1a8c7,Whitney Santos,muscle_gain,6.4,kg,2026-10-27,2026-06-21,on_track,0.03201711946480501,5.430047362162576,37.6,128,True
b6d24041-c1fd-4b58-997d-4d1396836c46,0f8e7b43-8876-4114-a880-7c99b0cd858d,Carol Lawson,muscle_gain,6.5,kg,2026-09-25,2026-06-21,on_track,0.02436600409395162,5.840868701286904,32.6,96,True
37745d25-f317-492b-8a0b-6eff3472a03c,b754c493-2df2-4630-8e55-3b1cf6a26b3e,David Fletcher,muscle_gain,6.9,kg,2026-06-29,2026-06-21,on_track,0.005314961307450572,5.042374519837269,35.2,8,True
ca0b55d1-09b9-47b1-a5c3-a5458c887576,aae6cbbc-9467-4305-925a-796d4051ca1b,Tricia Valencia,muscle_gain,6.5,kg,2026-07-21,2026-06-21,on_track,0.008357903816611167,6.322795346141724,31.7,30,True
0760271a-4ca4-4bad-8df5-31635e86f719,bfd5aa5a-a35e-4715-b98f-c162fc98be00,Robert Perez,muscle_gain,3.1,kg,2027-01-07,2026-06-21,on_track,0.01564356571533765,5.85484655999613,25.3,200,True
0ab34a2d-1a56-4333-93dc-ee3e39b46427,1e0628d7-a00a-4c17-8c20-b6ea9dceba87,John Whitehead,weight_loss,3.4,kg,2026-12-20,2027-06-21,at_risk,0.0019141285585521084,1.948144253496099,67.8,182,False
26fa0f4d-9bae-4fa7-82df-298364a1869c,7e6a51d8-bc56-48f6-b8aa-446c38c7300a,Chad Murray,weight_loss,9.8,kg,2026-09-03,2027-06-21,at_risk,0.024010393003690456,1.8727674900817861,59.3,74,False
3293558f-3785-4bc8-94d7-73f09c79a17a,2d49ab7b-0af4-491c-a2ed-f4632918e017,Nicholas Edwards,weight_loss,17.1,kg,2026-11-30,2027-06-21,at_risk,0.0017194754044440597,2.094606887370537,86.7,162,False
2427329b-dace-4f5d-a802-13fedb7ca180,c3f18dbb-5b8d-41b7-977a-90c3e9c2742f,Bryan Riggs,muscle_gain,8.1,kg,2026-12-02,2026-06-21,on_track,0.008847504959879848,4.515306493502491,29.4,164,True
09173759-6d78-4ecc-875a-8da61090ea36,d522eac8-f13b-4e73-9ec4-99f984a78b37,Mitchell Harris,muscle_gain,8.0,kg,2026-07-14,2026-06-21,on_track,0.0027635167827610996,5.701175879062951,44.1,23,True
7b195a47-f570-4a47-b1a3-34af9f45f23e,d8a84371-0bf6-4018-8bce-f9cf7c35a04e,Paul Wilson,muscle_gain,7.8,kg,2026-07-19,2026-06-21,on_track,0.05531230425080624,6.480949372973943,33.7,28,True
17dd5e00-501e-4340-bec7-14603d27cfd5,089fcdec-e0fe-4ea9-8c93-929a8682efa4,Jonathan Farrell,weight_loss,16.9,kg,2026-10-30,2027-06-21,at_risk,0.005617324243704758,1.8908758175678033,88.5,131,False
d7764777-703b-4be7-9dff-697bbe5c5732,c16b72c8-5cd2-4686-90fe-6529353e66b7,Justin Baker,weight_loss,15.0,kg,2026-08-05,2027-06-21,at_risk,0.018652921251635757,1.7815486168118437,72.2,45,False
ec92fe74-fa96-4e0e-86ba-5a64cb97a12f,a242e808-1414-43f2-9b76-ab51f21585d4,David Garcia,muscle_gain,2.0,kg,2026-12-21,2026-06-21,on_track,0.1010465171199918,5.464018947936631,36.1,183,True
cc6ca9e9-5786-4fe8-8a13-682f1291a4e8,bdfec3b2-6449-4ab9-9d06-f286e7639b02,Rita Adams,weight_loss,3.4,kg,2026-11-06,2027-06-21,at_risk,0.019428746410073416,1.998377456655804,68.3,138,False
bce6aa7b-c479-42c1-8e2d-71aa219afbf0,2a01d79a-d85a-4c01-8895-5101f28b6d54,Kristy Robinson,weight_loss,9.5,kg,2026-08-10,2027-06-21,at_risk,0.008172654493327602,2.141345530376588,70.6,50,False
eb59e2f4-c5f6-440e-b969-2faac31217ec,baea10a3-9ab5-4740-b7e2-b2660a188c9c,Aaron Nguyen,muscle_gain,2.4,kg,2026-09-11,2026-06-21,on_track,0.04465622697448046,6.179757559550436,27.5,82,True
75c791b6-bed7-4f3b-a266-36cef310745d,5565e635-878c-4637-bbd1-6219efdbac87,John Lewis,weight_loss,11.8,kg,2026-10-16,2027-06-21,at_risk,0.0978024336436556,1.8602962315283533,96.7,117,False
a478251d-095c-4c57-a2e6-acdd2229eeca,ad1b3637-ce65-4806-8bcf-97a444d80f2d,Joshua Ball,weight_loss,13.6,kg,2026-11-29,2027-06-21,at_risk,0.008866639014075806,2.099547831680872,69.1,161,False
3b438ed2-e47d-4354-b9c8-972a324d8005,65f8e6d2-4637-4fda-87ce-82e39a33e66f,Ralph Anderson,weight_loss,7.1,kg,2027-01-13,2027-06-21,at_risk,0.030584884503034204,2.1265613772205887,95.4,206,False
61a67e83-0eb7-4dad-bf3e-b01ac6ebd46b,a7e50cfb-8276-4ea3-b27a-79abbc047a4b,Michael Evans,weight_loss,16.7,kg,2026-11-16,2027-06-21,at_risk,0.01826954642206946,1.8740226608898753,71.8,148,False
2e6bc826-6427-4738-88b5-8ee9326fdbf1,083b1362-bc66-45a2-a623-6adc7d997fc8,David Caldwell,muscle_gain,6.5,kg,2026-09-18,2026-06-21,on_track,0.013421755579192562,6.1458404742411155,43.0,89,True
ebb1ae5f-f062-4e96-aa24-fa2a481030ec,0d8e6d8d-0285-4206-bca2-38e34b1e9946,Gina Chapman,muscle_gain,5.9,kg,2026-09-24,2026-06-21,on_track,0.047415625973227904,6.4003685396881655,36.2,95,True
0960f14e-0ce0-4c97-84c5-e9d19c517d99,fb57ef4c-820e-4eb5-801f-e2b66f841b58,Alexander Gonzalez,weight_loss,14.5,kg,2026-11-18,2027-06-21,at_risk,0.0027787152118304848,1.908660882229553,60.5,150,False
ad9cb61e-dac0-4348-8c00-58de2902b673,4496c32a-bce0-45f4-8c74-6abf94c5ae15,David Foster,muscle_gain,4.4,kg,2027-02-08,2026-06-21,on_track,0.01983221342895547,5.69953831360835,42.4,232,True
1d15f5e2-5f4a-43f0-8b52-0616f536cb1f,02d97fd3-e96a-4821-9552-e95901f016ff,Tracy White,muscle_gain,7.5,kg,2026-09-17,2026-06-21,on_track,0.056585920446021176,4.758156564384899,29.3,88,True
a9d1e507-f333-48f6-ac76-38082b40b7ad,cbae18ec-c15b-42bf-a3fa-21dc60ac2a9e,James Brown,weight_loss,13.0,kg,2026-10-19,2027-06-21,at_risk,0.03034942754336789,2.023213357611041,77.1,120,False
7c27d9b1-cb32-407a-acf6-e00cd2208be4,ad5a4316-ede6-48a8-abbd-dffa0801488b,Ronald Miller,weight_loss,15.4,kg,2026-12-28,2027-06-21,at_risk,0.03736362749180333,1.9694961617623699,64.8,190,False
50514836-8852-411b-b409-e985f59e41a9,62c00689-a8c5-4b26-b184-4df93640eeee,Angela Mitchell,muscle_gain,5.6,kg,2026-12-15,2026-06-21,on_track,0.021526572854757564,6.510795985416862,25.4,177,True
aaffa12d-f303-402c-8822-1990459f2798,9688135f-96de-4cb9-9331-b07a3cdc7131,Darren Roberts,weight_loss,8.1,kg,2026-08-02,2027-06-21,at_risk,0.011576500711082849,1.784640022789912,94.4,42,False
5d07d04c-4858-4285-97d8-55b3dcc5d1a9,a2a89bb5-17e8-4939-81e6-dd54ccba0678,Whitney Rice,weight_loss,3.7,kg,2026-11-22,2027-06-21,at_risk,5.4295839847062766e-05,1.9676056383794613,77.1,154,False
5403ec3f-bdcc-4b72-bde4-75732edeaa9f,704cfb71-cfe8-420f-97a1-e5ca85842e5a,Elizabeth Kelley,weight_loss,4.9,kg,2026-08-01,2027-06-21,at_risk,5.1630895152476874e-05,1.9492915262823103,77.7,41,False
a723e729-6508-4857-8e8a-c70250db19e4,c7c5d33a-4698-4c0b-8422-c0b7359375db,Matthew Marshall,muscle_gain,4.1,kg,2026-09-19,2026-06-21,on_track,0.0032992367101460918,4.8450568024712695,33.9,90,True
6ffa1098-8b2a-4337-b32b-54f2880f9121,a197501f-935a-459a-8483-b0f9c57a9568,Jennifer Johnson,weight_loss,7.0,kg,2026-09-03,2027-06-21,at_risk,0.01396475676661435,1.6176174142650743,93.2,74,False
f9530ed5-c691-4f70-bcae-c026136b6159,bce034be-28f1-42c4-b613-da7e2ab952de,Ryan Davis,muscle_gain,7.3,kg,2027-01-16,2026-06-21,on_track,0.0029626208934607767,5.986328155925437,44.0,209,True
d78cdde2-24e6-447e-825a-3197553c4133,704cfb71-cfe8-420f-97a1-e5ca85842e5a,Elizabeth Kelley,weight_loss,10.5,kg,2026-07-03,2027-06-21,at_risk,5.1630895152476874e-05,1.9492915262823103,77.7,12,False
b9330955-3a34-4cab-bc22-8c93cd706ab2,d01cdc38-4de0-416c-af5e-8713946c784d,Taylor Duncan,weight_loss,13.0,kg,2026-08-09,2027-06-21,at_risk,0.025277532804667602,1.9755699395257702,69.5,49,False
491de8b2-8bf6-46f7-ade7-3bac82dabf0f,3759bab5-8999-4308-b907-d8844a16a6e5,Jonathan Peterson,weight_loss,4.7,kg,2026-07-09,2027-06-21,at_risk,0.06149374251534834,2.0381296533546456,76.2,18,False
f2c0948e-414e-4607-8d66-2c1c065b26dc,aec4ec51-bcc9-404b-97fd-19bb8ce020fa,Elizabeth Fowler,muscle_gain,8.4,kg,2026-11-04,2026-06-21,on_track,0.006644696607469025,6.253939955509617,30.9,136,True
7147353c-50b6-4537-8f41-07df54f69fef,65581a9c-6f0e-41ce-81bd-e85a8ae634ac,Penny Henson,weight_loss,17.4,kg,2026-10-12,2027-06-21,at_risk,0.0029753099616458556,2.1610627908331677,66.2,113,False
c27bcbac-b2c2-4efb-8168-db39ee119684,d7754ebc-b014-4fc3-b3c7-3d734c05fa83,Mackenzie Rogers,muscle_gain,3.6,kg,2027-01-05,2026-06-21,on_track,0.2481271321611468,4.928122671826496,30.9,198,True
e42ade0e-8e68-406c-bd0d-5aa73a4c9866,f7e99a39-bdd5-4b95-8a05-055a864f31ad,John Green,weight_loss,4.3,kg,2026-10-04,2027-06-21,at_risk,0.005404436578667959,1.8294074834143659,86.8,105,False
305a8b2e-b848-45ca-8f32-cf9a8cc1e286,c1883e2b-8d4e-45a4-a121-b35f33ed035d,Scott Ray,weight_loss,11.2,kg,2026-08-09,2027-06-21,at_risk,0.003120757408803021,2.0301132249424465,85.0,49,False
1666f893-6eee-43e3-8e63-ad1e91b00941,ad5a4316-ede6-48a8-abbd-dffa0801488b,Ronald Miller,muscle_gain,7.4,kg,2027-01-07,2026-06-21,on_track,0.013543918472966432,6.138576043293591,33.2,200,True
99d61cb9-0044-4b65-912d-416ba23436ae,87d361e6-663a-4f5d-814c-508063b50201,Emily Charles,muscle_gain,9.1,kg,2026-09-24,2026-06-21,on_track,0.012333108497967427,5.583503569167892,31.6,95,True
5478df57-b071-4879-a1e3-547970301739,f9f9917c-e986-4c7e-8d76-8f9ea3af4fbd,Ruben Aguilar,weight_loss,13.1,kg,2026-11-26,2027-06-21,at_risk,0.0417553610542738,1.429695089206556,56.1,158,False
3a5195f1-f9eb-4129-b785-36496f9768db,c3e3d304-8456-41c7-ad74-72299dd210bd,Martin Ross,muscle_gain,3.5,kg,2026-12-16,2026-06-21,on_track,0.00017841278313690534,6.774055488591621,29.2,178,True
7bc68fea-91e1-4af9-89ac-f9b0b47cb6e2,5d5b36e0-238a-4f98-8d95-d76cc21c0c66,Robert Potter,weight_loss,8.4,kg,2026-10-22,2027-06-21,at_risk,0.0419586018288306,1.8382397454452508,64.2,123,False
dfe7cbc8-ca14-4892-b95c-6ba62da9a0b7,f944bbbf-f7aa-4d2c-889f-5d17811de8bd,Joshua Taylor,weight_loss,6.4,kg,2026-09-29,2027-06-21,at_risk,0.02377724559209604,2.0566055851864817,78.2,100,False
5b8e3977-21e5-460f-b2b0-e99882085018,c828c171-9d4c-4f9d-9f22-7ace8cabb287,Alexander Day,muscle_gain,8.7,kg,2026-08-21,2026-06-21,on_track,0.03262191431096062,6.213180005346756,24.7,61,True
406d4db2-bc08-4c8e-9a60-1175b696894b,bdcaa108-0aed-403f-b9f8-23eebc56e507,Sierra Sanchez,muscle_gain,5.1,kg,2026-09-04,2026-06-21,on_track,0.01095661814001514,6.757761338021064,25.9,75,True
56f0314a-7382-4b30-b3f6-08af138552ff,c20feb97-be77-48c1-afc3-fc0bcd5f1df6,Jessica Holmes,muscle_gain,5.6,kg,2026-12-10,2026-06-21,on_track,0.002704620070985042,5.409256677493647,45.3,172,True
a635893f-b5cf-4927-97ee-74354fc8bfab,84a52948-cd53-4bf1-ad96-88a466cdc96c,April Mitchell,weight_loss,17.2,kg,2026-08-25,2027-06-21,at_risk,0.0009028179812298198,1.9440897708373555,83.6,65,False
32ab8e21-5ba1-462d-bede-63488216a7b2,989ccb83-a9bf-48f7-bc87-70528024d146,Anna Davis,weight_loss,17.8,kg,2026-10-13,2027-06-21,at_risk,0.0005519440995368496,2.176599120197408,82.7,114,False
e571e824-d41d-4da5-a404-02b7130a2690,ad4b62b9-8457-4931-9cd4-d41c276b2008,Joshua Morrison,weight_loss,9.3,kg,2026-07-20,2027-06-21,at_risk,0.010906308172605073,2.0557269952829604,96.9,29,False
136c94ec-d81c-4fe4-935e-4d76ca8ab512,a554cfa2-f030-4063-86e3-99aa197bcd0b,Steven Gilbert,muscle_gain,8.3,kg,2026-10-01,2026-06-21,on_track,1.8980046212480062e-07,5.193185197054059,27.5,102,True
a6c57021-553e-42a7-a9b5-be3550bb864e,a554cfa2-f030-4063-86e3-99aa197bcd0b,Steven Gilbert,muscle_gain,4.0,kg,2026-10-05,2026-06-21,on_track,1.8980046212480062e-07,5.193185197054059,27.5,106,True
2c22d477-314d-423b-bf0b-24fef53d0ce5,87d361e6-663a-4f5d-814c-508063b50201,Emily Charles,weight_loss,5.9,kg,2026-10-19,2027-06-21,at_risk,0.004297153845061352,2.3006643138036744,88.0,120,False
df48e8ab-2548-4d58-815c-59b53a4b5c73,b85d7a55-3a1c-438a-97a4-f832557c9ad0,Brian Tran,muscle_gain,9.2,kg,2026-11-17,2026-06-21,on_track,0.04089289927652695,6.201895170451412,36.0,149,True
f5af2a74-8b21-4040-8fe0-daf55e59f4c5,0835f6d2-e643-4a68-8baf-c09c9165339c,Jared Martin,weight_loss,13.0,kg,2027-01-03,2027-06-21,at_risk,0.017286026535226373,2.165711499035934,77.0,196,False
61a896fe-1436-4a23-98f6-0907b10acc41,f9dcabdc-ab7e-44b5-8b23-cb1e56d1a8c7,Whitney Santos,muscle_gain,9.5,kg,2026-12-04,2026-06-21,on_track,0.03201711946480501,5.430047362162576,37.6,166,True
bf17ba00-0670-4abc-b0ce-42f2abd5b1cd,c8636fab-648e-4e79-a973-a0a8d7fd5b7c,Shannon Cannon,muscle_gain,4.2,kg,2026-11-22,2026-06-21,on_track,0.0002677666213818375,5.612892591633267,43.2,154,True
e2006d01-4d87-4a2c-8cd9-8251cf45863b,02f9f384-74dd-45e7-9c8e-f3fe093babc5,Kristi Higgins,weight_loss,6.7,kg,2026-08-06,2027-06-21,at_risk,0.04413589160785891,1.6891603671734385,70.7,46,False
c3c71cba-1d16-4d1b-826b-928298c11454,33ecf622-5451-4a61-ab47-7a6b0ae0b816,Evelyn Galvan,muscle_gain,3.7,kg,2026-07-21,2026-06-21,on_track,0.011291066133463756,5.6311468311258555,37.6,30,True
c174e040-ffde-44bc-95c8-ab2a6dfe4935,33ecf622-5451-4a61-ab47-7a6b0ae0b816,Evelyn Galvan,muscle_gain,9.4,kg,2026-09-30,2026-06-21,on_track,0.011291066133463756,5.6311468311258555,37.6,101,True
6000dfdb-7275-4807-b883-fe8be1ee62fc,c1dd8bc3-32ca-464b-970a-2c776213688d,Nicholas Nunez,weight_loss,5.0,kg,2027-01-03,2027-06-21,at_risk,0.001325196642167903,1.791704951754819,106.8,196,False
a45a1142-61fe-4e5a-b2b6-fb53b0ef602b,99227a08-54c4-4af5-ab7c-8759e8a27ba6,Devon Flores,muscle_gain,5.9,kg,2027-01-17,2026-06-21,on_track,0.014103559619839556,6.217255265010247,42.1,210,True
ec9689a2-79d3-4970-8a5a-1b7375c60fa8,c13090fb-65af-4505-9d50-620bbfd1766f,Joshua Williams,weight_loss,14.6,kg,2026-09-08,2027-06-21,at_risk,0.0010266434123131774,2.32663697425082,68.6,79,False
0b22fede-5d57-47c3-ab06-3560df7f91d0,48345b50-4989-4349-bffb-5323d37b35ba,Sherri Edwards,muscle_gain,2.4,kg,2026-10-31,2026-06-21,on_track,0.0005539733188080209,5.595863018837627,48.0,132,True
ca0a9b1b-814b-4e23-a4d6-2bd54d41283c,5f5a7ec6-2876-48d8-b27f-48cc638ffa66,Ashley Burton,weight_loss,13.8,kg,2026-06-28,2027-06-21,at_risk,0.0006817765888661453,1.9961616318642432,59.7,7,False
e593a05f-2a2a-4078-968d-15ae610f84fc,b3be7850-b522-4487-9077-8ba6a04e29b0,Nathan Evans,weight_loss,14.2,kg,2027-01-23,2027-06-21,at_risk,0.11780972906158671,1.9883326990425256,100.1,216,False
2190c447-16d8-43f8-855a-e7efbfa67c3e,da06f410-26c6-4a37-86b7-f82cd7e7b670,Chad Wilson,weight_loss,16.6,kg,2027-02-06,2027-06-21,at_risk,0.01931367650279714,1.9863186547780707,68.9,230,False
c960a07f-431d-4e42-8cd6-698820c9af46,cf32f1ae-0ffb-4d1e-a24a-4bb10731cd62,Miguel Jones,muscle_gain,4.8,kg,2026-08-19,2026-06-21,on_track,0.03943904688384414,5.422938140708594,40.4,59,True
ba5471fa-490b-4fae-9d39-6021ac319be9,d746d720-76a1-4c24-8bfa-01e7a60ec5f3,Robert Keith,weight_loss,8.3,kg,2026-10-29,2027-06-21,at_risk,0.010552482920650474,1.9241502023698118,81.7,130,False
886e7564-3bae-4b0b-af51-30d435af695e,dd7d6448-7de2-4915-981e-bd4f8dec39b9,Kyle Dodson,muscle_gain,2.2,kg,2026-06-27,2026-06-21,on_track,0.0036094384986609107,6.1010472127214985,40.0,6,True
77f23b85-5889-4af2-af1c-7a9bf2374644,f0fa833f-d7cf-4391-9092-5cbea205475e,David Wilson,weight_loss,9.1,kg,2026-10-20,2027-06-21,at_risk,0.004894165631629699,1.762391436880904,76.5,121,False
dfff849e-a493-43cf-855e-05c6ac609ae2,29d1f740-25f5-4dec-9cb1-dd228b28f077,Ricky Henderson,weight_loss,4.2,kg,2027-02-01,2027-06-21,at_risk,0.031582375823560827,1.7274793032651292,98.9,225,False
0cf710a5-5759-48de-b713-eebeee77149b,b00a1f49-8af2-4126-8081-2c49eb1d9164,Nancy Rhodes,muscle_gain,6.6,kg,2026-09-21,2026-06-21,on_track,0.0075180778160789385,5.321727482810529,33.6,92,True
7408ecef-17b3-4442-b0c8-46c517ec9db2,d28370e9-31fc-409c-b33d-bd8e42229d80,Joshua Dudley,muscle_gain,9.0,kg,2026-09-24,2026-06-21,on_track,0.012940270781678365,6.587602484953519,29.5,95,True
40a29824-a928-4ef9-adfe-f413487c8167,c1dd8bc3-32ca-464b-970a-2c776213688d,Nicholas Nunez,weight_loss,3.7,kg,2026-10-19,2027-06-21,at_risk,0.001325196642167903,1.791704951754819,106.8,120,False
82af280c-e96c-4d10-967e-52e88f1cb526,c3fe41ba-4d20-4945-bf93-a111f01919a5,Jacob Clark,muscle_gain,5.4,kg,2026-09-17,2026-06-21,on_track,0.007376680127933466,7.014250815221382,33.9,88,True
de56ac9c-6e57-40ea-ba27-ce09891b7b2b,d0639297-9542-4b45-a0e4-3c8f246520ed,Yvonne Huff,muscle_gain,5.2,kg,2026-09-12,2026-06-21,on_track,0.0003737601430875426,6.458718400457673,46.1,83,True
1ef5c418-5a61-4a99-87d8-cb1587f0c868,95b93546-e431-4cc2-8e3f-10c78b2ad5ad,Susan Harrell,weight_loss,11.9,kg,2026-12-18,2027-06-21,at_risk,0.0003425261732774576,2.15249370154015,74.5,180,False
9567b333-dad8-4bb0-8154-c527892be856,28ba9b65-633e-4a4d-b148-03cce008dcb9,Sarah Parsons,muscle_gain,6.3,kg,2026-10-21,2026-06-21,on_track,0.041876386258640985,5.765502016354066,30.9,122,True
f8b153c9-e150-42ed-872f-92e4d7256994,6feeec67-2ed4-4a44-8297-9e3d7807a410,Sean Cherry,weight_loss,13.4,kg,2026-08-11,2027-06-21,at_risk,0.002634610532441517,2.1135647461634353,58.2,51,False
8b090e3d-90cc-4feb-a3e2-dc48a1d1d847,60a35e4d-2ab7-43a7-8456-3360e808db6c,Dan Moran,weight_loss,8.4,kg,2026-12-19,2027-06-21,at_risk,0.001041071071892663,1.8740768751014165,65.0,181,False
dc1a7a75-c7c8-4fa5-be80-8f4495d6d02d,a00a4520-a5b5-4e48-afc6-ab026ecd820c,Crystal Johnson,weight_loss,10.1,kg,2027-01-13,2027-06-21,at_risk,0.006515206693520903,2.330744595636674,84.4,206,False
51c2cfeb-c7e8-45a8-b05c-5787b244957d,d522eac8-f13b-4e73-9ec4-99f984a78b37,Mitchell Harris,muscle_gain,8.0,kg,2026-08-09,2026-06-21,on_track,0.0027635167827610996,5.701175879062951,44.1,49,True
42e36ef8-e696-4bfc-bad1-6d84c7068554,d0639297-9542-4b45-a0e4-3c8f246520ed,Yvonne Huff,weight_loss,17.8,kg,2027-02-03,2027-06-21,at_risk,0.0003356834057232083,2.107518204413787,68.3,227,False
a004b56b-5217-451c-929b-f7903e6b2935,00495145-b48a-418c-a1c4-d02edee41565,Joe Torres,muscle_gain,4.3,kg,2026-07-19,2026-06-21,on_track,0.0020721193816287675,6.050790051014822,41.1,28,True
55233a45-7eb2-4785-b4dc-d1c4dbbb2a2f,e785fd5d-2d4e-4427-8760-c586c5668787,Tina Cowan,muscle_gain,3.2,kg,2027-01-23,2026-06-21,on_track,0.00475381943303288,5.579989200222906,37.6,216,True
2e4e8acc-2798-46eb-b09d-7c433e09dbb1,970b74ae-0407-4765-9922-5f6cdf95cc2a,Alexander Doyle,muscle_gain,7.5,kg,2026-08-27,2026-06-21,on_track,0.011010830195133603,5.102131440987394,33.4,67,True
ef7d8bb3-9288-432e-be2b-eb86e37aa810,31e25c5f-fd82-4d0b-9eba-05488a459976,Matthew Lynch,muscle_gain,2.3,kg,2026-08-22,2026-06-21,on_track,0.01646661584636533,6.078615232796953,35.7,62,True
762f90ef-4698-40d5-8dc8-8da5cfdf8dbc,d21d2c80-3243-4fa4-9722-2c6631be4bf4,Todd Wilson,weight_loss,15.1,kg,2026-09-11,2027-06-21,at_risk,0.005219506557734066,1.9274266827201814,94.6,82,False
485962fb-e95f-4424-841b-13ea9dae9ccb,f1edcf6f-2cac-41dd-b12a-111c17d4c16f,Derek Brennan,weight_loss,3.7,kg,2026-11-05,2027-06-21,at_risk,0.0009631179127795875,1.8338417455306852,60.0,137,False
1e9f51b3-0448-43bd-8451-83f6f5e441ca,80c3fab0-7233-4420-885d-554441a95981,Benjamin Ware,weight_loss,10.3,kg,2026-07-09,2027-06-21,at_risk,0.03751176955586988,1.7592477103270896,88.5,18,False
d4e4f1b1-3075-48d0-b99b-60334c75045c,8d09df55-51e7-4677-bd4d-9a46ff615d75,Ashley Yu,muscle_gain,8.0,kg,2026-09-22,2026-06-21,on_track,0.02780152826918214,5.296727690841117,34.1,93,True
066ab282-824d-4132-999f-43887760bfb0,46387f20-234e-4e52-9423-194fffaec4b1,Kaitlyn Mueller,muscle_gain,2.3,kg,2026-10-25,2026-06-21,on_track,0.22683074957586713,4.373395259579219,38.3,126,True
9d7f536b-fe70-4b98-a09d-b88af7883528,1e1f956e-a59b-46e0-b859-bde72d085e4e,Javier Ramirez,weight_loss,5.7,kg,2026-12-22,2027-06-21,at_risk,0.022810419243067925,2.058770424193568,68.0,184,False
585fc58d-9332-4213-a10a-1c45658c61a8,7e6a51d8-bc56-48f6-b8aa-446c38c7300a,Chad Murray,weight_loss,7.4,kg,2027-02-04,2027-06-21,at_risk,0.024010393003690456,1.8727674900817861,59.3,228,False
92c265a0-a999-4359-90af-863c71d9a9ae,0475901d-6456-4cc7-8047-939b264d7c66,Michael Brown,muscle_gain,9.9,kg,2026-09-11,2026-06-21,on_track,0.06821213337543475,6.665426136436673,36.8,82,True
317914bd-c3cc-4a3a-ba36-dd555291ce90,a2ff9f25-d906-4ea1-89b8-b0048dfc0467,Jesus Solis,muscle_gain,7.3,kg,2026-10-23,2026-06-21,on_track,0.028988702023714952,5.614648864678993,31.5,124,True
32cbe31a-4b7f-4d46-b5d5-a27a4369f91a,c16b72c8-5cd2-4686-90fe-6529353e66b7,Justin Baker,weight_loss,16.9,kg,2027-02-05,2027-06-21,at_risk,0.018652921251635757,1.7815486168118437,72.2,229,False
1cf8624a-acba-4e0e-976c-4f23f17f4884,a6b8079f-cea6-49b1-bb5c-4cf09d7eb2d3,Ryan Munoz,weight_loss,6.9,kg,2026-06-29,2027-06-21,at_risk,0.010333552248461664,2.0554007910363947,74.7,8,False
6a70af52-52ef-4806-b7df-5eca952e3b5b,8ba95a9a-19d0-466e-8e07-eb4a088a5d3f,Jamie Galloway,weight_loss,3.3,kg,2026-08-30,2027-06-21,at_risk,1.3251932210911477e-05,1.97008506589418,90.7,70,False
448c01e1-2183-4214-9c62-68ed61d8267f,8ba95a9a-19d0-466e-8e07-eb4a088a5d3f,Jamie Galloway,weight_loss,5.7,kg,2026-06-27,2027-06-21,at_risk,1.3251932210911477e-05,1.97008506589418,90.7,6,False
3a6e46f9-58e4-406c-b058-ff4e36d08660,3759bab5-8999-4308-b907-d8844a16a6e5,Jonathan Peterson,weight_loss,4.7,kg,2026-08-19,2027-06-21,at_risk,0.06149374251534834,2.0381296533546456,76.2,59,False
f120504a-beed-44c0-8ba2-1d48a79944ac,619b2146-e67c-4779-9861-a50a52fbc89a,Brittany Anderson,muscle_gain,4.4,kg,2026-11-28,2026-06-21,on_track,0.005945871269146252,6.049492612087256,42.7,160,True
d0014bf4-de89-478b-9704-f147196eaa3e,9ea60174-e540-4df4-a00e-239d054a9e45,Jeff Owens,weight_loss,5.8,kg,2026-09-07,2027-06-21,at_risk,0.009631966036167117,2.016872797901718,73.2,78,False
ccb24c2b-e23d-440c-b3ce-fb79e0cbd9ff,046c7178-671b-4de0-9633-4e9573986931,Zachary Hicks,weight_loss,15.5,kg,2026-12-22,2027-06-21,at_risk,1.183198027665533e-06,1.9337532499764383,62.4,184,False
f482ce72-17fd-4d84-8d50-2c5010996004,e785fd5d-2d4e-4427-8760-c586c5668787,Tina Cowan,weight_loss,13.5,kg,2026-10-26,2027-06-21,at_risk,0.04930255532084293,1.8360556514247337,93.4,127,False
a215bfd1-53cf-4b63-bf57-b22bc1c2f944,8d09df55-51e7-4677-bd4d-9a46ff615d75,Ashley Yu,muscle_gain,9.7,kg,2026-11-25,2026-06-21,on_track,0.02780152826918214,5.296727690841117,34.1,157,True
ae35b50e-2a33-4d7f-a99b-0f76b2bc8760,6feeec67-2ed4-4a44-8297-9e3d7807a410,Sean Cherry,muscle_gain,4.3,kg,2026-12-03,2026-06-21,on_track,0.020398728272774225,5.898848662192585,28.1,165,True
3724abee-3c78-414c-8e01-89a21711aed2,5aa51cb1-cc22-44de-8bec-dbd1834c741c,Christine Hahn,muscle_gain,6.8,kg,2026-12-19,2026-06-21,on_track,0.02030877814055132,5.9472369982949,33.3,181,True
572dfead-9b89-477c-8e7e-6a01e1c89a2f,c725fea8-07a6-4cac-a74f-b1ca78243799,Jeffrey Carpenter,muscle_gain,7.4,kg,2027-01-24,2026-06-21,on_track,0.20189280684736965,5.166022750244919,30.0,217,True
9031ee67-16df-46ef-9d30-5f515100b64f,1d323480-1326-4c3a-8042-9c5674ba725a,Jamie Arnold,weight_loss,10.3,kg,2026-11-19,2027-06-21,at_risk,0.03725831619527564,1.9415853748204628,97.3,151,False
dc06089e-6f04-4fd7-af90-c3c1a858a3d2,38231833-ecbc-41cb-a559-30f6c358ff2a,Jenny Lewis,muscle_gain,2.9,kg,2026-09-19,2026-06-21,on_track,0.04882375500296443,6.619029908101324,25.0,90,True
1990d258-2275-4181-878c-73f53c2235ec,aaf36194-98ce-4ec5-a1b7-101682a3ee52,Deborah Wright,weight_loss,3.6,kg,2026-12-29,2027-06-21,at_risk,0.12574278242238146,1.928333614295049,61.8,191,False
a7b2c7a5-f911-4108-a8d1-b1af6a51501e,26f16445-2c56-4979-8d6b-7bf545cd2f53,Joshua Webb,weight_loss,14.2,kg,2027-01-12,2027-06-21,at_risk,0.037943605313481954,1.8095520393016415,82.8,205,False
0cc877ef-6dbd-42ed-bbb5-619bd993fb02,7a13fbe8-b415-4adb-8a94-80c8dd42c001,Bobby Hall,muscle_gain,4.6,kg,2027-01-13,2026-06-21,on_track,0.06352188206199572,4.873491948450399,42.3,206,True
89a37934-0ff4-4d8f-abee-f670b9249c2f,243db40b-7090-4ce5-80e7-b41b8fec4c9e,Wayne Riley,weight_loss,14.6,kg,2027-01-24,2027-06-21,at_risk,0.00207415549499812,1.9874040617800754,69.7,217,False
a3942271-e494-4cef-adae-7fbc95128b37,1086c852-a33b-41f3-bd29-61784aeefd77,Benjamin Lewis,weight_loss,11.3,kg,2026-08-25,2027-06-21,at_risk,0.01208391620231053,2.1567643453285363,66.1,65,False
083712e7-da47-41e2-ac8e-88c1b762fcf4,6feeec67-2ed4-4a44-8297-9e3d7807a410,Sean Cherry,weight_loss,10.5,kg,2026-10-20,2027-06-21,at_risk,0.002634610532441517,2.1135647461634353,58.2,121,False
6424daa6-05b6-436a-8e6f-372b6c553d05,1f96b4f4-9022-4afb-9b7b-15ee70b8cdc5,Shane Garrison,weight_loss,14.3,kg,2026-10-09,2027-06-21,at_risk,0.03976172566781766,2.0459702420692705,69.4,110,False
f5fe01a7-c45b-4058-b64e-f0adac39eef2,5deaae04-06fd-4764-b75f-231489b74bb1,Bradley Robertson,muscle_gain,6.5,kg,2026-08-09,2026-06-21,on_track,0.006595561997542632,5.714025660341938,41.4,49,True
fd75d327-4b01-4f87-93d3-fab326c333e1,65581a9c-6f0e-41ce-81bd-e85a8ae634ac,Penny Henson,muscle_gain,4.8,kg,2026-09-15,2026-06-21,on_track,0.018971392541718757,6.102389212527511,45.2,86,True
792676ea-e827-42bd-ad99-df55076caf2c,5f89dd2b-10cd-42aa-815f-fca512872fdd,Alexander Lee,weight_loss,12.6,kg,2027-01-13,2027-06-21,at_risk,0.027878493506807378,1.887368288011792,60.5,206,False
125df1b8-b61e-4874-a11d-b5b710709244,2d49ab7b-0af4-491c-a2ed-f4632918e017,Nicholas Edwards,muscle_gain,9.0,kg,2026-07-19,2026-06-21,on_track,0.004887801777236911,5.040834541259873,36.6,28,True
70a74822-dfe6-4b46-8e87-65ce8d999cff,b99f82a5-15b2-4589-a61c-c4e9ef9d1bbd,Michelle Graham,muscle_gain,8.0,kg,2026-06-27,2026-06-21,on_track,0.0004955797536496664,5.431920842355795,39.0,6,True
07b80934-6697-44db-8702-51c87cc641b5,122863ed-5bb4-4c8b-b5cd-b84f515e8474,Derek Bowers,muscle_gain,9.6,kg,2026-06-30,2026-06-21,on_track,2.625681946755165e-06,5.376501128031716,41.0,9,True
d2380104-e242-4a42-8cb9-f012c6acafaf,aa4354e6-ccdd-4e23-9a6d-5aba5b6cc89c,Ashley Johnson,muscle_gain,2.5,kg,2026-06-30,2026-06-21,on_track,0.0034737922924054088,5.31021044880258,37.6,9,True
019adb32-7ca4-455f-9840-755375e7a458,704cfb71-cfe8-420f-97a1-e5ca85842e5a,Elizabeth Kelley,muscle_gain,7.2,kg,2026-12-29,2026-06-21,on_track,9.622751781179772e-06,6.688728931365069,41.0,191,True
746b582f-9a58-4905-b05c-d2534fbb30d4,bedf98cc-b57b-4953-ad5c-b076c090b41a,Curtis Johnson,muscle_gain,2.6,kg,2026-08-25,2026-06-21,on_track,0.11087471781610136,6.184256913878686,27.9,65,True
c43ff560-8f93-4df3-b9c9-86cba5a9efb1,0d8e6d8d-0285-4206-bca2-38e34b1e9946,Gina Chapman,weight_loss,14.1,kg,2026-12-12,2027-06-21,at_risk,0.0282137029386772,1.7859201726401712,57.3,174,False
7dede428-b89b-4ff3-b2eb-d6d423a245e0,d001e62b-c8af-43a4-8b88-08d2246c5ea7,Bethany Fisher,weight_loss,16.6,kg,2026-11-19,2027-06-21,at_risk,0.06275126489447402,2.0299643797643703,102.8,151,False
ef9d250e-e6d3-4f86-a4c1-95b8755fce12,a7e50cfb-8276-4ea3-b27a-79abbc047a4b,Michael Evans,weight_loss,14.8,kg,2027-01-06,2027-06-21,at_risk,0.01826954642206946,1.8740226608898753,71.8,199,False
c71b1483-cf43-47ae-a965-3113e0789c46,b3be7850-b522-4487-9077-8ba6a04e29b0,Nathan Evans,weight_loss,16.8,kg,2026-11-01,2027-06-21,at_risk,0.11780972906158671,1.9883326990425256,100.1,133,False
0adf289f-8c8b-4cc0-8872-07c4cac1723a,ac313e12-d8ea-4e1f-ab05-79eab6df4bd1,Ruth Evans,muscle_gain,8.9,kg,2026-12-28,2026-06-21,on_track,0.05588631221423468,5.046694639004201,24.3,190,True
95c34de3-c055-413e-b25e-01d4156db5d5,e115e9e2-469c-47a3-a6c8-bac9af8e802a,Guy Molina,muscle_gain,8.1,kg,2026-12-09,2026-06-21,on_track,0.024759787696040148,5.495567327582829,30.0,171,True
c9430542-9129-4f83-bae7-27f2b96733c8,28ba9b65-633e-4a4d-b148-03cce008dcb9,Sarah Parsons,muscle_gain,6.2,kg,2027-01-20,2026-06-21,on_track,0.041876386258640985,5.765502016354066,30.9,213,True
3c46e824-4d34-4e59-97e3-e41636e223a7,5d1cae21-c675-4a9c-8001-7447cbef0c08,Rhonda Smith,weight_loss,3.7,kg,2026-10-19,2027-06-21,at_risk,0.0146574311297486,2.0665192966682735,65.8,120,False
816a386f-c2b5-4a4a-a6b7-f01dc1d72789,4f96c2f8-ce2b-4a20-b0db-431d83a2b652,Bradley Tucker,muscle_gain,2.9,kg,2026-09-19,2026-06-21,on_track,0.0013524774988271648,6.2717855160520095,40.5,90,True
b09dbb7d-240b-428f-967f-447bb1d05844,a42d54fd-a9f6-46fd-a834-a21a5b926e7a,Darlene Miller,weight_loss,12.0,kg,2026-11-28,2027-06-21,at_risk,0.00016705476574252476,2.0154973407013923,86.8,160,False
fe0c2506-0a79-45f3-8041-512fbf0aee3e,d7754ebc-b014-4fc3-b3c7-3d734c05fa83,Mackenzie Rogers,muscle_gain,9.9,kg,2026-06-29,2026-06-21,on_track,0.2481271321611468,4.928122671826496,30.9,8,True
b35079ae-1bf3-4f97-9673-c442b56b9c83,8dcb6acf-0bda-495a-94ae-c203b7b736d7,Danielle Alvarez,muscle_gain,8.2,kg,2026-08-01,2026-06-21,on_track,0.03557918423376838,4.773942631435961,29.4,41,True
afecec09-514b-47e2-adb0-91879d00dfeb,ad5a4316-ede6-48a8-abbd-dffa0801488b,Ronald Miller,muscle_gain,7.9,kg,2026-09-07,2026-06-21,on_track,0.013543918472966432,6.138576043293591,33.2,78,True
1100b232-693e-400f-b281-d28d3eba7525,84a52948-cd53-4bf1-ad96-88a466cdc96c,April Mitchell,weight_loss,3.1,kg,2026-11-04,2027-06-21,at_risk,0.0009028179812298198,1.9440897708373555,83.6,136,False
2db87137-476d-45a6-a292-a62c56d912c0,ade33083-8b1e-4e55-99e5-5e08a793f2a5,Devin Morton,weight_loss,9.5,kg,2026-07-07,2027-06-21,at_risk,0.017015268984380216,1.9231187256090627,102.3,16,False
5854af9e-ba50-4b6d-adc5-6f8016689e11,84a52948-cd53-4bf1-ad96-88a466cdc96c,April Mitchell,muscle_gain,3.1,kg,2026-07-14,2026-06-21,on_track,0.03397930456956699,5.852477172881222,31.7,23,True
718851ab-644e-4f92-b4a1-ef628066d1b3,33ecf622-5451-4a61-ab47-7a6b0ae0b816,Evelyn Galvan,muscle_gain,9.1,kg,2026-07-23,2026-06-21,on_track,0.011291066133463756,5.6311468311258555,37.6,32,True
23dced93-b5dd-45c4-b62e-649b815a1dfa,5deaae04-06fd-4764-b75f-231489b74bb1,Bradley Robertson,muscle_gain,3.5,kg,2026-08-12,2026-06-21,on_track,0.006595561997542632,5.714025660341938,41.4,52,True
422a695b-9f5b-4329-8622-4aeea5ce9230,c13090fb-65af-4505-9d50-620bbfd1766f,Joshua Williams,muscle_gain,4.9,kg,2026-12-08,2026-06-21,on_track,0.013174691396030336,5.768828852474903,32.8,170,True
d6c5fd3b-7612-48c1-ad17-c99b52a85889,87a2ec03-33c1-4587-9af0-0e3466ddc76e,Pamela Boyd,weight_loss,3.0,kg,2026-10-10,2027-06-21,at_risk,0.014548679564644118,2.108222424045922,91.9,111,False
059a0030-d9b1-4d77-9d43-b42c523219e0,e34c2f8f-2ef9-4138-923e-93337e72674a,Brandon Williams,weight_loss,5.4,kg,2026-10-08,2027-06-21,at_risk,0.0234013807949357,2.1226678501732734,59.8,109,False
668e201b-3beb-4375-897b-a09866c579e3,3483dd1e-af1a-4ed8-8221-2fa3fb2326d3,Jason Silva,muscle_gain,7.1,kg,2026-11-24,2026-06-21,on_track,0.002890623353214661,6.301403965792719,25.5,156,True
bf43305c-2a0c-4b18-ba6f-0d5e0cc319ba,1e1f956e-a59b-46e0-b859-bde72d085e4e,Javier Ramirez,muscle_gain,3.0,kg,2026-07-14,2026-06-21,on_track,0.0061313383930564624,6.32266832577426,34.2,23,True
bb292b45-75d3-46fa-a4df-4eb7b4cbed59,02f9f384-74dd-45e7-9c8e-f3fe093babc5,Kristi Higgins,muscle_gain,9.8,kg,2026-11-22,2026-06-21,on_track,0.011795066765045714,4.868115398441254,42.4,154,True
843e2e11-956a-4ffd-b6f2-59c3b207d7ea,4fb832f7-25eb-41b5-83fe-ccaef96880c4,Tracy Ramirez,muscle_gain,3.5,kg,2026-07-07,2026-06-21,on_track,0.009290021196439402,5.553587795073135,35.2,16,True
7453196b-4de5-4d02-9075-e8c4338782fd,9ea60174-e540-4df4-a00e-239d054a9e45,Jeff Owens,weight_loss,12.9,kg,2027-01-28,2027-06-21,at_risk,0.009631966036167117,2.016872797901718,73.2,221,False
1ae3ac36-b218-42d1-aab5-2f72a07e34c0,089fcdec-e0fe-4ea9-8c93-929a8682efa4,Jonathan Farrell,muscle_gain,3.8,kg,2026-10-25,2026-06-21,on_track,0.037034830249648154,6.201472339821325,24.3,126,True
5e6d88da-2a6a-4db3-b1e2-237b69e1483b,276ca90c-4217-4bae-bc45-58ad8d62a4de,William Bowman,weight_loss,6.9,kg,2026-11-06,2027-06-21,at_risk,0.00960217929074203,1.897822521468805,72.7,138,False
0cd1e1d0-44b2-48c0-a34d-3a316a12b286,67066576-ed26-4d92-ad28-82bb68f9cd60,Jason Adkins,muscle_gain,7.7,kg,2026-12-04,2026-06-21,on_track,0.00747743116818389,6.055885799041502,26.9,166,True
62014d90-65a7-40f8-80c6-3f64517d65e9,ea7f98d6-cd33-4b1a-9bbf-95cef8c96c8e,Madison Baker,muscle_gain,6.8,kg,2026-09-18,2026-06-21,on_track,0.00013619566242684122,5.840426475840325,37.4,89,True
7035a88f-83d1-4931-a38d-f736ffc93be3,133f3a9f-30a4-4eed-b800-114332517d4f,Beth Caldwell,muscle_gain,7.4,kg,2026-11-03,2026-06-21,on_track,0.0055816341807743974,7.223849475810903,47.5,135,True
4644ffa1-3a10-4698-b6c0-33d9419b50be,2ebdddce-4b63-4930-b67f-78765dc812ee,Daniel Salinas,weight_loss,7.6,kg,2026-10-03,2027-06-21,at_risk,0.03637724466402503,1.9646792582587258,75.6,104,False
70d3d649-2cba-4a9f-9eea-68a8d086b39b,02d97fd3-e96a-4821-9552-e95901f016ff,Tracy White,weight_loss,8.2,kg,2026-11-04,2027-06-21,at_risk,0.016467369198648996,2.114121738078742,81.3,136,False
8d683c70-72e5-4488-97b1-d45183f5011b,a681b96e-cc95-41a2-8d05-864dd210fd25,Roy Warner,muscle_gain,6.9,kg,2027-01-11,2026-06-21,on_track,0.038024146122926816,5.432881442929326,43.9,204,True
605f1f21-7a85-4bde-a2ab-1d4f0c2c1284,318b9a0d-fdbf-4cad-a9ef-383273cf265d,Zoe Bell,muscle_gain,5.2,kg,2026-09-26,2026-06-21,on_track,0.010526343889923906,6.454530051557379,40.7,97,True
d4427bbe-13c9-4964-8e18-942d68989a40,cbae18ec-c15b-42bf-a3fa-21dc60ac2a9e,James Brown,muscle_gain,8.0,kg,2026-12-18,2026-06-21,on_track,0.003334500137697427,5.677923293811013,35.3,180,True
81b17c83-cc08-4d59-8df1-b7c17cb40c51,eb470c1b-9d9b-4ef4-8575-569dee402b49,Paige Gray,muscle_gain,8.0,kg,2026-10-08,2026-06-21,on_track,0.010114437554025746,5.284939123671446,25.4,109,True
db41f81c-d0cb-424d-83da-44db1e72d79f,c23c530e-fead-4545-8fca-1df7be5a04e0,Tyler Sanders,weight_loss,13.8,kg,2026-12-23,2027-06-21,at_risk,0.016134332053800438,1.6284876583114938,87.4,185,False
4a730d7e-50ac-4002-b99d-d8c9f65d8378,83ecfc5f-dc4b-4344-8ffd-69920e4039a0,Elizabeth Brown,muscle_gain,3.2,kg,2026-10-29,2026-06-21,on_track,0.004783356961507668,6.048826094015103,26.3,130,True
e1c34525-5cbf-4c46-8657-97ce6f282eaf,a42d54fd-a9f6-46fd-a834-a21a5b926e7a,Darlene Miller,weight_loss,7.4,kg,2026-08-03,2027-06-21,at_risk,0.00016705476574252476,2.0154973407013923,86.8,43,False
d2b0d7aa-22bd-452d-b6dc-ac97a40df2ca,4d0886c5-6165-4fa1-8a83-2cb5fcbba170,Julie Anderson,muscle_gain,9.0,kg,2026-10-01,2026-06-21,on_track,0.0015034161662366152,6.702483496973938,38.1,102,True
6d187934-2ca1-4800-ab08-8ae18b084256,ebaeabd0-a273-4692-8129-987bb8934129,Rachel Rodriguez,muscle_gain,8.8,kg,2026-10-15,2026-06-21,on_track,0.015129366079351891,6.251038561514094,43.6,116,True
f1bd53a1-882a-4207-959c-44d5822ca1e7,3699d72f-caae-4bf8-b032-cc3f66f05c9c,Daniel Lawrence,muscle_gain,9.1,kg,2027-01-27,2026-06-21,on_track,0.002016042735811907,6.292135826911688,39.9,220,True
fbcd68a2-f581-4eb5-8f30-ffa3a1f4e579,de78c304-92d8-46ed-931a-317363dcdc34,Patrick Lambert,weight_loss,6.5,kg,2026-11-02,2027-06-21,at_risk,0.00018638619097754994,1.7854763005699565,84.5,134,False
9425f541-cf6f-42a7-87e7-1162b2dd64c7,ea7f98d6-cd33-4b1a-9bbf-95cef8c96c8e,Madison Baker,weight_loss,10.2,kg,2026-08-30,2027-06-21,at_risk,0.06546687971790721,1.9791451868223067,105.7,70,False
57493f8a-b3bf-4259-a8b6-b6b16975cc42,c3f18dbb-5b8d-41b7-977a-90c3e9c2742f,Bryan Riggs,weight_loss,10.6,kg,2026-09-02,2027-06-21,at_risk,0.028711025755980835,2.1892686832029,75.5,73,False
401c6538-16a6-4701-8f0c-ec9e52d84d69,e180590d-a0f0-4b4d-b14e-f8af51c51bbf,Robert Oconnell,muscle_gain,4.1,kg,2026-10-04,2026-06-21,on_track,0.026672157555090448,6.478155989587198,38.7,105,True
7df5d62e-70b3-4e5f-ae80-90b197770292,e115e9e2-469c-47a3-a6c8-bac9af8e802a,Guy Molina,muscle_gain,6.8,kg,2027-02-04,2026-06-21,on_track,0.024759787696040148,5.495567327582829,30.0,228,True
553a9e8f-5b44-4de3-bdac-b35e8080956a,e713181d-0488-435f-a8cd-6bd08a12c575,Daniel Robinson,weight_loss,9.8,kg,2026-09-10,2027-06-21,at_risk,2.6083947624044868e-05,1.992214139489737,94.4,81,False
d43f19a8-2933-46a9-8814-fe4f96bc5d46,b754c493-2df2-4630-8e55-3b1cf6a26b3e,David Fletcher,muscle_gain,6.3,kg,2027-01-21,2026-06-21,on_track,0.005314961307450572,5.042374519837269,35.2,214,True
6102bbcb-2521-4aeb-a4cf-052b78a82f70,b00a1f49-8af2-4126-8081-2c49eb1d9164,Nancy Rhodes,muscle_gain,7.2,kg,2026-10-14,2026-06-21,on_track,0.0075180778160789385,5.321727482810529,33.6,115,True
0acfcdd0-dd49-4e72-8308-30a76ba950ff,aaf36194-98ce-4ec5-a1b7-101682a3ee52,Deborah Wright,muscle_gain,6.8,kg,2027-01-15,2026-06-21,on_track,0.002410155488307142,6.269541050165446,26.6,208,True
aae29f2b-a49f-4bda-b4d2-d6733be348ee,cbae18ec-c15b-42bf-a3fa-21dc60ac2a9e,James Brown,muscle_gain,10.0,kg,2026-07-02,2026-06-21,on_track,0.003334500137697427,5.677923293811013,35.3,11,True
5c410c13-ead9-4f9b-a97c-fbfa7eb485a1,4f96c2f8-ce2b-4a20-b0db-431d83a2b652,Bradley Tucker,muscle_gain,6.0,kg,2026-10-12,2026-06-21,on_track,0.0013524774988271648,6.2717855160520095,40.5,113,True
ecb82fd3-85cc-4f24-8e2c-0fa2a4e28815,8b3690f8-c1ae-41e4-b666-8f0b369180c9,Marcus Johnson,muscle_gain,5.4,kg,2026-10-04,2026-06-21,on_track,0.0016769437918665586,5.581222375669747,41.5,105,True
a2a75b8f-39c0-4652-9fbb-ee4a9f240d27,a7542fea-566b-4a62-9d2b-fd5e4d5959d3,Ellen Ortiz,muscle_gain,4.8,kg,2026-10-03,2026-06-21,on_track,0.014716960491616193,5.427783377133955,46.8,104,True
44a91961-1cdb-46c9-a4f3-18f3c86d5a69,de0deb30-341d-413d-a5ad-a65c6e400987,Eugene Walton,weight_loss,4.1,kg,2026-09-26,2027-06-21,at_risk,0.055113680858253744,1.6308679884143715,65.4,97,False
5a01fe20-3d44-49ca-abf8-2701e92a2823,cc57bfbc-2e6e-4b57-9b1f-f075e051037e,David Charles,weight_loss,12.7,kg,2026-12-19,2027-06-21,at_risk,0.03441036140417908,2.2175113960993955,60.1,181,False
96bb45e6-090d-41e0-a04e-9ec206ed01f0,a681b96e-cc95-41a2-8d05-864dd210fd25,Roy Warner,weight_loss,15.8,kg,2026-11-20,2027-06-21,at_risk,0.001547125346348155,1.9213759699029336,65.8,152,False
969767ad-2108-437b-b06f-404c98b6368d,430a58a4-3f26-4832-b7fc-5778fd9a8ac2,Brian Coleman,weight_loss,14.7,kg,2026-06-28,2027-06-21,at_risk,0.00015558197344611724,1.7701167645046103,89.5,7,False
bf68a28c-68ba-4d5c-a67f-28b5b667f47a,a60f7734-b5a8-4ac5-a205-68a9d148a7bf,Christopher Daniel,weight_loss,14.6,kg,2026-12-09,2027-06-21,at_risk,0.0027666774692917118,2.379342889377504,96.8,171,False
b7b17557-ca0f-4e5a-a1fc-b75c9c1633cf,430a58a4-3f26-4832-b7fc-5778fd9a8ac2,Brian Coleman,weight_loss,4.2,kg,2026-10-08,2027-06-21,at_risk,0.00015558197344611724,1.7701167645046103,89.5,109,False
8aa21a89-b63d-4cf0-99af-79c5fd724d05,31e25c5f-fd82-4d0b-9eba-05488a459976,Matthew Lynch,muscle_gain,5.1,kg,2027-01-15,2026-06-21,on_track,0.01646661584636533,6.078615232796953,35.7,208,True
bdc62f6d-ad9c-41a7-81e2-83eaad4b588e,c7b7e364-f41f-48c0-8580-748956e6e805,John Pierce,weight_loss,12.1,kg,2026-08-14,2027-06-21,at_risk,0.0001296934945572703,1.8476658640794101,73.5,54,False
f642642d-2b7d-48f6-b3d5-1f2455ccdc5d,bdfec3b2-6449-4ab9-9d06-f286e7639b02,Rita Adams,muscle_gain,4.8,kg,2026-10-17,2026-06-21,on_track,0.0004343903957959583,5.481279054560008,46.7,118,True
ff03e604-e6b8-486e-afa5-584d21d372f0,de0deb30-341d-413d-a5ad-a65c6e400987,Eugene Walton,muscle_gain,8.7,kg,2026-10-12,2026-06-21,on_track,0.0431807505788665,6.284640010050801,30.4,113,True
2bc12e02-c32b-4c73-8800-b2f25ba0c38b,2ebdddce-4b63-4930-b67f-78765dc812ee,Daniel Salinas,weight_loss,5.5,kg,2027-01-14,2027-06-21,at_risk,0.03637724466402503,1.9646792582587258,75.6,207,False
8b55ec6a-96b6-4d6f-8cf5-312f57359476,e418f7bc-052a-4573-9e83-9e9bbdb5fec6,Christopher Spears,muscle_gain,8.3,kg,2026-09-25,2026-06-21,on_track,0.004453600755859655,5.378655545063524,37.5,96,True
077c94f1-45c4-4273-8da2-cbc7f5a31e1a,a6b8079f-cea6-49b1-bb5c-4cf09d7eb2d3,Ryan Munoz,weight_loss,5.6,kg,2026-10-28,2027-06-21,at_risk,0.010333552248461664,2.0554007910363947,74.7,129,False
e02f56a3-372e-4c00-aaa9-9dc099a5eb12,6feeec67-2ed4-4a44-8297-9e3d7807a410,Sean Cherry,muscle_gain,8.9,kg,2026-12-09,2026-06-21,on_track,0.020398728272774225,5.898848662192585,28.1,171,True
ee610200-b9e3-49e3-a605-0e0496f6bdac,d3de40d4-9b28-47c8-881b-6448cffbda48,Jason Daniels,weight_loss,17.4,kg,2026-07-15,2027-06-21,at_risk,0.017781455760966902,2.0652725968649426,78.6,24,False
9ea3b4dc-758a-443a-9549-cc2958f229f0,276ca90c-4217-4bae-bc45-58ad8d62a4de,William Bowman,weight_loss,3.8,kg,2026-10-20,2027-06-21,at_risk,0.00960217929074203,1.897822521468805,72.7,121,False
b5d74676-576c-4234-9898-73f0021bf644,c97de38e-a37d-4da1-9f9a-74b2591fc6ed,Nicholas Sheppard,weight_loss,15.2,kg,2026-10-25,2027-06-21,at_risk,0.0022561342143490037,1.8844079001288425,87.6,126,False
3c62357c-0686-4c79-a6a8-3f6eedc50b73,35cc04e0-c7bb-4ac9-90a5-b99d256b09fe,Dominic Jacobs,weight_loss,6.0,kg,2026-07-19,2027-06-21,at_risk,0.09814151964947437,2.130689907571244,54.7,28,False
936eb1cc-87f3-447e-aedd-4ace5ca6dfa7,e115e9e2-469c-47a3-a6c8-bac9af8e802a,Guy Molina,muscle_gain,6.4,kg,2026-12-14,2026-06-21,on_track,0.024759787696040148,5.495567327582829,30.0,176,True
88827136-47c9-4a2f-a22e-953ccdbc062d,8dcb6acf-0bda-495a-94ae-c203b7b736d7,Danielle Alvarez,weight_loss,17.8,kg,2026-08-10,2027-06-21,at_risk,0.00010570015722310977,2.058278085092372,55.9,50,False
12bf7da0-c26a-4236-a175-8a2e6ff43cf7,9e542a3f-22dc-40bb-8fb5-d19f4fc86abf,Samuel White,muscle_gain,7.9,kg,2026-10-14,2026-06-21,on_track,0.00106474314597238,6.463858899048185,38.4,115,True
9b6a6873-9036-421e-ac70-b0f9a7d93047,43dd2431-fbba-40cd-a962-9bac5950676f,Marie Harrington,muscle_gain,3.2,kg,2026-11-06,2026-06-21,on_track,0.0002825461521812622,5.327575768660762,39.4,138,True
fc6ea9b1-1b10-46c9-8aef-4981609a9ce5,5565e635-878c-4637-bbd1-6219efdbac87,John Lewis,muscle_gain,3.5,kg,2026-11-16,2026-06-21,on_track,0.049047173852286186,5.844626652831171,28.6,148,True
b6dd9c01-ca20-4058-b2ab-53124c499851,db348f66-63f2-49e9-8548-e9a92485f646,Paul Decker,weight_loss,6.5,kg,2026-12-28,2027-06-21,at_risk,0.007996015746344454,1.8844471026027134,90.6,190,False
e3664a11-710b-4de6-9595-11e45646eb6d,a8819ab6-4739-4931-9f79-c8ad24b42163,Nathan Wagner,muscle_gain,7.2,kg,2026-09-16,2026-06-21,on_track,0.00764222492730493,6.199502331680488,30.2,87,True
2e62cbe0-e2f0-41e1-b559-f1624d1964a9,a554cfa2-f030-4063-86e3-99aa197bcd0b,Steven Gilbert,muscle_gain,6.0,kg,2026-10-17,2026-06-21,on_track,1.8980046212480062e-07,5.193185197054059,27.5,118,True
7afabd86-9935-4094-8bfb-e1396a4fb57a,33ecf622-5451-4a61-ab47-7a6b0ae0b816,Evelyn Galvan,muscle_gain,9.4,kg,2026-07-10,2026-06-21,on_track,0.011291066133463756,5.6311468311258555,37.6,19,True
30738ce0-e297-4ec7-86cd-6e627518130a,7a13fbe8-b415-4adb-8a94-80c8dd42c001,Bobby Hall,muscle_gain,9.3,kg,2026-10-23,2026-06-21,on_track,0.06352188206199572,4.873491948450399,42.3,124,True
bfcc3f94-9c53-482f-9690-487b54b7941f,35cc04e0-c7bb-4ac9-90a5-b99d256b09fe,Dominic Jacobs,weight_loss,6.3,kg,2026-08-08,2027-06-21,at_risk,0.09814151964947437,2.130689907571244,54.7,48,False
c2c94cd6-4bcd-4865-8118-fa5725690c1b,5f5a7ec6-2876-48d8-b27f-48cc638ffa66,Ashley Burton,weight_loss,16.3,kg,2026-09-15,2027-06-21,at_risk,0.0006817765888661453,1.9961616318642432,59.7,86,False
5a4cc473-30db-423c-9afa-4fcde54ab44d,907f59d7-d526-45ff-9997-b4012e8250db,Kathryn White,muscle_gain,3.4,kg,2027-01-16,2026-06-21,on_track,0.004350280122604522,6.631654628598774,29.2,209,True
f776cda8-f8de-416c-9f31-2f9484ecd0fa,c1dd8bc3-32ca-464b-970a-2c776213688d,Nicholas Nunez,weight_loss,15.3,kg,2026-10-14,2027-06-21,at_risk,0.001325196642167903,1.791704951754819,106.8,115,False
f1ab9a6c-10e0-4e92-acb5-5c5e601fc72a,35cc04e0-c7bb-4ac9-90a5-b99d256b09fe,Dominic Jacobs,muscle_gain,3.2,kg,2026-10-12,2026-06-21,on_track,0.030653676256130247,5.488908923435066,27.8,113,True
0a5c45e9-77df-4a52-b56d-25fb1aff234b,4fb832f7-25eb-41b5-83fe-ccaef96880c4,Tracy Ramirez,weight_loss,6.1,kg,2026-12-12,2027-06-21,at_risk,0.002389356693547562,2.1289826702770096,94.1,174,False
a1cb0dba-e9fb-4bdb-a19c-e1f10f57febb,bdfec3b2-6449-4ab9-9d06-f286e7639b02,Rita Adams,weight_loss,7.4,kg,2027-01-07,2027-06-21,at_risk,0.019428746410073416,1.998377456655804,68.3,200,False
0f900f0b-074a-4f0e-85c1-0b85964b60e3,c828c171-9d4c-4f9d-9f22-7ace8cabb287,Alexander Day,muscle_gain,9.7,kg,2026-07-27,2026-06-21,on_track,0.03262191431096062,6.213180005346756,24.7,36,True
9fb9779e-01b8-4f92-86fe-fcbccd6bcfd8,84a52948-cd53-4bf1-ad96-88a466cdc96c,April Mitchell,weight_loss,17.9,kg,2026-11-01,2027-06-21,at_risk,0.0009028179812298198,1.9440897708373555,83.6,133,False
ab5a9929-f37d-4e4a-acfd-22603d89dd81,ad0af28d-2815-4bcb-a4de-eccc1d508c1a,Amy Silva,muscle_gain,2.3,kg,2027-01-21,2026-06-21,on_track,0.020898234590776776,6.317750552540434,35.8,214,True
f1e7aadc-7562-465a-8ce8-21cd9c6b2fc8,8067d6af-b56f-41a4-8f70-3e59c0c1e55f,Jesse Mckay,weight_loss,16.3,kg,2026-07-16,2027-06-21,at_risk,0.236225459896503,1.7569749216001267,61.7,25,False
e96e721a-29c3-4b26-90a7-f35205fe991f,46387f20-234e-4e52-9423-194fffaec4b1,Kaitlyn Mueller,weight_loss,16.7,kg,2026-08-14,2027-06-21,at_risk,0.008325768220162844,1.8745141282830746,91.6,54,False
74a4eabb-47ab-4707-b7f2-26a328387dd3,aae6cbbc-9467-4305-925a-796d4051ca1b,Tricia Valencia,weight_loss,11.0,kg,2026-09-16,2027-06-21,at_risk,0.0008172882277676097,1.9826709381116028,84.4,87,False
3e68e8dc-70f1-43b7-bc3d-086cb309fa77,2ebdddce-4b63-4930-b67f-78765dc812ee,Daniel Salinas,weight_loss,6.2,kg,2026-10-17,2027-06-21,at_risk,0.03637724466402503,1.9646792582587258,75.6,118,False
a289b98a-45f9-419e-b5de-4aed8b5e9988,d5749029-fbee-4154-ad9b-441a1190f419,Benjamin Hodges,weight_loss,16.2,kg,2026-08-06,2027-06-21,at_risk,0.002035873340458627,1.657790481388783,100.5,46,False
9041e5d4-5d63-43fa-84a1-159c0e27a201,c4239aee-aa97-4054-9a85-8c9b66334765,Benjamin Welch,weight_loss,7.7,kg,2026-07-15,2027-06-21,at_risk,0.010557039379931354,2.0607437155315007,74.3,24,False
83c65bcd-507c-4513-961f-bb356c80351a,ad4b62b9-8457-4931-9cd4-d41c276b2008,Joshua Morrison,weight_loss,9.5,kg,2027-01-11,2027-06-21,at_risk,0.010906308172605073,2.0557269952829604,96.9,204,False
78be1df5-7e4e-4e4b-9df1-c8d9f9db7e85,97b1159f-efce-4ae2-af83-6152e077408c,Mark Green,muscle_gain,9.5,kg,2027-01-20,2026-06-21,on_track,0.07348701635102717,5.705288099387025,24.0,213,True
4f6116d6-ac3d-410e-9086-c0417a669d62,a7542fea-566b-4a62-9d2b-fd5e4d5959d3,Ellen Ortiz,muscle_gain,6.0,kg,2027-01-07,2026-06-21,on_track,0.014716960491616193,5.427783377133955,46.8,200,True
d8c9627f-ab08-4919-83bd-4ba464988d6e,31e25c5f-fd82-4d0b-9eba-05488a459976,Matthew Lynch,weight_loss,5.4,kg,2026-09-19,2027-06-21,at_risk,0.07229131322648308,2.3672565591948107,104.9,90,False
b7a02dc8-160e-4d84-a510-5333be26d550,899f77f3-ab0a-41b5-9543-f575ec7c8121,Cory Horton,weight_loss,8.2,kg,2026-10-02,2027-06-21,at_risk,0.02843620993275986,1.8934874981958028,73.7,103,False
360b0999-3c33-447a-a0b2-c388550d7f33,122863ed-5bb4-4c8b-b5cd-b84f515e8474,Derek Bowers,muscle_gain,5.0,kg,2026-12-31,2026-06-21,on_track,2.625681946755165e-06,5.376501128031716,41.0,193,True
e7e3fd6a-1004-4114-8e5b-8bcf3da77ed6,97b1159f-efce-4ae2-af83-6152e077408c,Mark Green,weight_loss,13.1,kg,2026-10-11,2027-06-21,at_risk,0.0038883458393424997,2.176862848430696,68.5,112,False
9cb99cc3-6c46-43c0-9432-412ae6c5e435,83ecfc5f-dc4b-4344-8ffd-69920e4039a0,Elizabeth Brown,weight_loss,16.2,kg,2027-01-04,2027-06-21,at_risk,0.06399742298337274,1.9925530705145216,61.8,197,False
e28b9cfe-0d52-4aa3-a5a6-468a982a8ec9,0475901d-6456-4cc7-8047-939b264d7c66,Michael Brown,weight_loss,14.6,kg,2026-07-14,2027-06-21,at_risk,0.00011835548104022209,2.185138882618045,60.2,23,False
0cc8e7b3-27b5-4ac5-a6f0-4e3597a7c2c2,c828c171-9d4c-4f9d-9f22-7ace8cabb287,Alexander Day,muscle_gain,3.7,kg,2026-11-24,2026-06-21,on_track,0.03262191431096062,6.213180005346756,24.7,156,True
975d0df1-eec7-4ee0-8358-c9435537ddc8,7bac50bc-93a7-4cc7-b23c-950fd82e3016,Robert Shields,weight_loss,3.3,kg,2026-08-28,2027-06-21,at_risk,0.008843424962706514,1.8809308359326504,60.0,68,False
cd1344b4-7446-438e-a2be-4e2ba8a0e446,8d09df55-51e7-4677-bd4d-9a46ff615d75,Ashley Yu,muscle_gain,9.7,kg,2026-07-30,2026-06-21,on_track,0.02780152826918214,5.296727690841117,34.1,39,True
4db6c0ec-1276-4798-babe-8258369aa3fb,f297104d-8f67-4106-b19e-9b8bb165fa92,Rhonda Lee,muscle_gain,9.4,kg,2026-09-02,2026-06-21,on_track,0.0014014004629050447,6.391768761254832,35.3,73,True
