user_id,name,cluster,cluster_label,total_sessions,avg_volume,avg_reps,avg_weight,unique_exercises
00495145-b48a-418c-a1c4-d02edee41565,Joe Torres,0,Consistent All-Rounder,17,0.0,8.75968992248062,90.31007751937985,23
02d97fd3-e96a-4821-9552-e95901f016ff,Tracy White,2,Endurance Trainer,7,0.0,9.56338028169014,84.33098591549296,15
02f9f384-74dd-45e7-9c8e-f3fe093babc5,Kristi Higgins,2,Endurance Trainer,3,0.0,10.0,75.46875,5
046c7178-671b-4de0-9633-4e9573986931,Zachary Hicks,2,Endurance Trainer,6,0.0,8.93939393939394,86.78030303030303,11
0475901d-6456-4cc7-8047-939b264d7c66,Michael Brown,1,Powerlifter,8,0.0,8.75,86.5625,14
060445e9-ce7d-4e9d-aed1-13b977d1e139,Gina Moore,0,Consistent All-Rounder,14,0.0,9.504950495049505,80.44554455445545,21
06ba0ae9-bf24-442d-a49c-26f42804d426,David Leblanc,2,Endurance Trainer,7,0.0,9.233333333333333,80.66666666666667,11
06de15ca-537b-4b18-b5d9-dcbe63f283ba,Mark Johnson,1,Powerlifter,12,0.0,8.597402597402597,84.28571428571429,18
0835f6d2-e643-4a68-8baf-c09c9165339c,Jared Martin,0,Consistent All-Rounder,15,0.0,8.845070422535212,89.04929577464789,24
083b1362-bc66-45a2-a623-6adc7d997fc8,David Caldwell,0,Consistent All-Rounder,15,0.0,9.326732673267326,84.28217821782178,17
089fcdec-e0fe-4ea9-8c93-929a8682efa4,Jonathan Farrell,1,Powerlifter,10,0.0,8.894117647058824,90.44117647058823,15
0b8bc648-16fe-427d-b501-a2e068c066dd,Alex Hernandez,2,Endurance Trainer,4,0.0,9.380952380952381,79.64285714285714,10
0bfeebf7-6d97-49dd-bb35-c78283f20e78,Jeff Hill,1,Powerlifter,9,0.0,8.608108108108109,83.58108108108108,16
0d8c3ccc-edf4-4ee2-9f31-fb760ed8d69b,Justin Cohen,0,Consistent All-Rounder,13,0.0,8.931034482758621,81.72413793103448,23
0d8e6d8d-0285-4206-bca2-38e34b1e9946,Gina Chapman,1,Powerlifter,8,0.0,9.333333333333334,80.23333333333333,17
0f8e7b43-8876-4114-a880-7c99b0cd858d,Carol Lawson,0,Consistent All-Rounder,14,0.0,9.346153846153847,93.07692307692308,18
1086c852-a33b-41f3-bd29-61784aeefd77,Benjamin Lewis,0,Consistent All-Rounder,13,0.0,8.75925925925926,92.01388888888889,16
122863ed-5bb4-4c8b-b5cd-b84f515e8474,Derek Bowers,1,Powerlifter,10,0.0,9.25,79.72222222222223,14
133f3a9f-30a4-4eed-b800-114332517d4f,Beth Caldwell,2,Endurance Trainer,4,0.0,8.68421052631579,92.41228070175438,9
143df453-af85-4329-8309-8e6c8c61f760,Samuel Short,0,Consistent All-Rounder,13,0.0,9.388349514563107,90.4126213592233,19
16fa7aa6-4389-4018-bb52-4e0ba485b5f1,David Benson,2,Endurance Trainer,8,0.0,8.491525423728813,77.71186440677967,13
17f63cf2-7735-4a6f-9bf1-d2bfff51459e,Christina Collins,1,Powerlifter,7,0.0,8.587301587301587,99.8015873015873,14
19f4453d-35b7-4e9b-bf50-93a730958841,Emily Adams,2,Endurance Trainer,9,0.0,9.226415094339623,85.09433962264151,13
1c5f7f46-067d-498e-9c21-bcaad950a97a,James Smith,1,Powerlifter,10,0.0,8.967213114754099,88.11475409836065,15
1d323480-1326-4c3a-8042-9c5674ba725a,Jamie Arnold,1,Powerlifter,12,0.0,9.301075268817204,93.25268817204301,20
1e0628d7-a00a-4c17-8c20-b6ea9dceba87,John Whitehead,0,Consistent All-Rounder,13,0.0,9.17117117117117,89.25675675675676,22
1e1f956e-a59b-46e0-b859-bde72d085e4e,Javier Ramirez,1,Powerlifter,11,0.0,8.951807228915662,93.97590361445783,16
1f26c3fc-3a7b-455c-908f-1c4a498b3a5c,Brittney Phillips,2,Endurance Trainer,7,0.0,8.23943661971831,81.72535211267606,11
1f96b4f4-9022-4afb-9b7b-15ee70b8cdc5,Shane Garrison,1,Powerlifter,8,0.0,8.213114754098362,85.49180327868852,17
2076ef78-4e01-4c92-a12d-c5d9dbb47247,James Elliott,1,Powerlifter,11,0.0,8.57,88.425,19
208c7577-3ce3-4f3b-9ca6-ebfa2f0f5ad5,Robert Valencia,1,Powerlifter,10,0.0,8.931372549019608,79.70588235294117,15
21d081a3-cfa2-40be-816a-458d38646a6d,John Bishop,0,Consistent All-Rounder,16,0.0,8.790849673202615,80.06535947712419,27
230abd8a-3dad-4638-bb5c-b48a79b3d84f,Phillip Ryan,1,Powerlifter,12,0.0,8.654761904761905,86.875,15
231fe136-6b06-4e03-85b6-a513f874afb7,Erin Lin,2,Endurance Trainer,7,0.0,9.60655737704918,84.05737704918033,12
23bd24c0-37af-4409-84d0-63acfa1af8c0,David Robinson,0,Consistent All-Rounder,14,0.0,8.824742268041238,80.54123711340206,20
243db40b-7090-4ce5-80e7-b41b8fec4c9e,Wayne Riley,2,Endurance Trainer,8,0.0,9.454545454545455,79.01515151515152,12
253725e6-4c24-4c93-ace3-15c3d07b42b5,Michael Travis,1,Powerlifter,9,0.0,8.456521739130435,83.83152173913044,15
26f16445-2c56-4979-8d6b-7bf545cd2f53,Joshua Webb,2,Endurance Trainer,8,0.0,9.957142857142857,84.53571428571429,15
276ca90c-4217-4bae-bc45-58ad8d62a4de,William Bowman,1,Powerlifter,11,0.0,8.5929203539823,88.00884955752213,15
27d94658-23a4-400e-aa0a-ea6f07f4030f,Michael Herrera,1,Powerlifter,10,0.0,9.371428571428572,69.39285714285714,15
28ba9b65-633e-4a4d-b148-03cce008dcb9,Sarah Parsons,1,Powerlifter,12,0.0,9.148936170212766,82.10106382978724,19
295bf336-cc3d-4edb-9c28-68bce54178f8,Larry Dixon,0,Consistent All-Rounder,14,0.0,9.157894736842104,88.1203007518797,23
29d1f740-25f5-4dec-9cb1-dd228b28f077,Ricky Henderson,0,Consistent All-Rounder,15,0.0,8.365853658536585,93.2520325203252,20
2a01d79a-d85a-4c01-8895-5101f28b6d54,Kristy Robinson,0,Consistent All-Rounder,14,0.0,8.675213675213675,80.85470085470085,18
2b182f99-e43d-4b97-bb94-e8b9d665a4de,Mary Rivera,1,Powerlifter,12,0.0,9.425,87.9375,15
2b2b8525-40ad-459d-81c8-b5030fbc930d,Shawn Decker,2,Endurance Trainer,7,0.0,9.155172413793103,82.80172413793103,15
2d49ab7b-0af4-491c-a2ed-f4632918e017,Nicholas Edwards,2,Endurance Trainer,6,0.0,8.924242424242424,78.06818181818181,15
2ebdddce-4b63-4930-b67f-78765dc812ee,Daniel Salinas,1,Powerlifter,9,0.0,7.964285714285714,84.4047619047619,17
2f1ed092-49c9-4de7-a24a-30b3d75f4856,Alec Hickman,1,Powerlifter,14,0.0,9.090909090909092,85.25568181818181,16
318b9a0d-fdbf-4cad-a9ef-383273cf265d,Zoe Bell,0,Consistent All-Rounder,14,0.0,8.578947368421053,83.13157894736842,18
31e25c5f-fd82-4d0b-9eba-05488a459976,Matthew Lynch,1,Powerlifter,11,0.0,9.462686567164178,72.91044776119404,14
3259e0ee-3549-4e39-b7f7-4b4902b2973c,Linda Harvey,2,Endurance Trainer,7,0.0,9.462962962962964,85.60185185185185,11
32e87d73-2846-46a6-a2dd-84b89cf81cbb,Sherry Arroyo,1,Powerlifter,9,0.0,8.506024096385541,84.06626506024097,15
33ecf622-5451-4a61-ab47-7a6b0ae0b816,Evelyn Galvan,1,Powerlifter,11,0.0,9.258426966292134,79.52247191011236,19
3432f233-df16-4e2b-a9c2-f9c87b77dc2e,Wayne House,1,Powerlifter,8,0.0,9.101449275362318,88.3695652173913,15
3483dd1e-af1a-4ed8-8221-2fa3fb2326d3,Jason Silva,0,Consistent All-Rounder,16,0.0,9.478632478632479,89.59401709401709,18
35cc04e0-c7bb-4ac9-90a5-b99d256b09fe,Dominic Jacobs,1,Powerlifter,9,0.0,9.056338028169014,88.34507042253522,16
3603be9d-ba75-45d8-8cfe-533b158b917b,Patrick Arnold,2,Endurance Trainer,7,0.0,9.212765957446809,79.46808510638297,12
3699d72f-caae-4bf8-b032-cc3f66f05c9c,Daniel Lawrence,1,Powerlifter,11,0.0,9.164948453608247,79.92268041237114,17
3759bab5-8999-4308-b907-d8844a16a6e5,Jonathan Peterson,1,Powerlifter,10,0.0,9.72972972972973,93.41216216216216,18
38231833-ecbc-41cb-a559-30f6c358ff2a,Jenny Lewis,1,Powerlifter,10,0.0,9.590361445783133,90.51204819277109,15
3c384f5f-fc21-4322-9e50-1c7c3fc9e649,April Wise,2,Endurance Trainer,6,0.0,8.444444444444445,93.44444444444444,9
3d9e14c8-c3ab-410c-bce2-9645bdf8b522,Thomas Ellis,1,Powerlifter,10,0.0,9.148514851485148,82.15346534653466,18
41a740fa-a8da-47d9-8b41-1f0c252706fd,William Herrera,0,Consistent All-Rounder,17,0.0,9.454545454545455,84.6590909090909,23
42f6d739-7c59-42ea-8c68-5ef0ba11f0e3,Scott Jones,0,Consistent All-Rounder,14,0.0,8.731707317073171,84.63414634146342,22
430a58a4-3f26-4832-b7fc-5778fd9a8ac2,Brian Coleman,2,Endurance Trainer,7,0.0,7.6923076923076925,95.67307692307692,7
437a1565-bd60-4d6c-a823-8e8eeb35e531,Lauren Hurst,2,Endurance Trainer,8,0.0,10.047619047619047,81.07142857142857,12
43dd2431-fbba-40cd-a962-9bac5950676f,Marie Harrington,1,Powerlifter,8,0.0,8.564516129032258,89.51612903225806,14
4496c32a-bce0-45f4-8c74-6abf94c5ae15,David Foster,2,Endurance Trainer,6,0.0,7.857142857142857,88.63095238095238,11
44a0359b-6453-412d-9d5e-3e1002391eb7,Darryl Whitehead,0,Consistent All-Rounder,13,0.0,9.134615384615385,90.14423076923077,18
45c76fa3-1394-426a-bd8b-fd5cfe82d5cd,Mark Poole,2,Endurance Trainer,8,0.0,9.442857142857143,91.07142857142857,11
46387f20-234e-4e52-9423-194fffaec4b1,Kaitlyn Mueller,1,Powerlifter,9,0.0,9.0,81.30952380952381,14
464cdd71-75f5-40ee-9a7a-21ce6f72e3a1,Matthew Smith,1,Powerlifter,8,0.0,8.9375,86.9140625,14
48345b50-4989-4349-bffb-5323d37b35ba,Sherri Edwards,1,Powerlifter,10,0.0,9.191489361702128,78.37765957446808,18
48f3dcc6-d25e-417e-a9a2-b37b19cd486f,Brian Barton,0,Consistent All-Rounder,14,0.0,9.069182389937106,80.58176100628931,23
4ab25a96-858f-442b-9743-38a6c05f034f,Jeffrey Simon,1,Powerlifter,9,0.0,8.53448275862069,91.33620689655173,13
4d0886c5-6165-4fa1-8a83-2cb5fcbba170,Julie Anderson,1,Powerlifter,8,0.0,9.024096385542169,79.42771084337349,14
4d4c9e25-83a4-4991-89a7-a4a2740d249c,Joshua Blair,1,Powerlifter,10,0.0,8.907216494845361,84.87113402061856,15
4f2382e4-236c-4f1e-98ac-701af8f3b7fe,Tina Rogers,0,Consistent All-Rounder,13,0.0,9.5078125,88.7890625,24
4f5a98e6-d826-4c9f-90a8-b44bbcb9d72f,Debra Davidson,2,Endurance Trainer,8,0.0,9.851063829787234,87.34042553191489,13
4f96c2f8-ce2b-4a20-b0db-431d83a2b652,Bradley Tucker,1,Powerlifter,11,0.0,8.576470588235294,82.38235294117646,14
4fb832f7-25eb-41b5-83fe-ccaef96880c4,Tracy Ramirez,2,Endurance Trainer,6,0.0,8.977272727272727,84.0909090909091,10
53204d64-d833-4586-a8ef-bd8305c84e41,Michael Walker,0,Consistent All-Rounder,16,0.0,9.208695652173914,81.93478260869566,21
54c5badd-a78f-428a-a1e7-502cf66c36f0,Stephanie Miller,1,Powerlifter,11,0.0,8.336448598130842,90.79439252336448,16
5565e635-878c-4637-bbd1-6219efdbac87,John Lewis,0,Consistent All-Rounder,17,0.0,9.177215189873417,82.76898734177215,26
57eaf1ce-cfb6-4204-b686-b4a079673089,Anthony Gray,0,Consistent All-Rounder,15,0.0,8.802083333333334,80.859375,20
590d3a19-01b2-4d86-948b-839881c99588,Robert Wolfe,2,Endurance Trainer,7,0.0,8.666666666666666,86.1574074074074,12
5aa51cb1-cc22-44de-8bec-dbd1834c741c,Christine Hahn,2,Endurance Trainer,6,0.0,7.883720930232558,91.45348837209302,10
5d1cae21-c675-4a9c-8001-7447cbef0c08,Rhonda Smith,2,Endurance Trainer,6,0.0,9.222222222222221,86.94444444444444,11
5d5b36e0-238a-4f98-8d95-d76cc21c0c66,Robert Potter,2,Endurance Trainer,8,0.0,9.582089552238806,79.25373134328358,14
5d5d102c-1d78-4389-8d8e-d046d1c61556,Robert Blair,2,Endurance Trainer,8,0.0,9.27536231884058,81.41304347826087,13
5deaae04-06fd-4764-b75f-231489b74bb1,Bradley Robertson,1,Powerlifter,11,0.0,8.444444444444445,84.21717171717172,18
5f322f46-a1a0-4847-aaa4-515c68f223ee,Benjamin Ellis,0,Consistent All-Rounder,12,0.0,9.4375,86.14583333333333,20
5f5a7ec6-2876-48d8-b27f-48cc638ffa66,Ashley Burton,0,Consistent All-Rounder,16,0.0,9.056737588652481,87.5,18
5f89dd2b-10cd-42aa-815f-fca512872fdd,Alexander Lee,0,Consistent All-Rounder,11,0.0,8.675,86.125,22
600ebee8-41eb-4d35-a1d7-48355bef9f13,Lisa Archer,2,Endurance Trainer,8,0.0,9.553571428571429,82.67857142857143,12
60a35e4d-2ab7-43a7-8456-3360e808db6c,Dan Moran,1,Powerlifter,10,0.0,8.584415584415584,89.31818181818181,16
60c28dc8-aad1-4fce-a833-bc519ffec437,Robert Jackson,0,Consistent All-Rounder,14,0.0,9.41747572815534,83.93203883495146,17
619b2146-e67c-4779-9861-a50a52fbc89a,Brittany Anderson,2,Endurance Trainer,6,0.0,10.224137931034482,81.12068965517241,10
62c00689-a8c5-4b26-b184-4df93640eeee,Angela Mitchell,2,Endurance Trainer,6,0.0,9.4,77.9,10
649ce505-481d-44ae-86f2-10b2e1211e28,Christopher Rubio,1,Powerlifter,10,0.0,9.197530864197532,94.75308641975309,17
65581a9c-6f0e-41ce-81bd-e85a8ae634ac,Penny Henson,1,Powerlifter,9,0.0,8.484848484848484,78.18181818181819,18
65f8e6d2-4637-4fda-87ce-82e39a33e66f,Ralph Anderson,1,Powerlifter,10,0.0,8.615384615384615,82.42307692307692,13
66f09f3b-9af8-40e9-b637-707ebce03b05,Todd Byrd,0,Consistent All-Rounder,14,0.0,9.395348837209303,81.3953488372093,24
67066576-ed26-4d92-ad28-82bb68f9cd60,Jason Adkins,1,Powerlifter,9,0.0,9.127906976744185,77.44186046511628,15
6ae6467e-e286-4759-b185-6fa33769a144,Samuel Jones,1,Powerlifter,9,0.0,8.847457627118644,96.3135593220339,12
6b375665-21b7-40b1-b9f8-257cc291c0ea,Matthew Webster,0,Consistent All-Rounder,13,0.0,8.481203007518797,87.57518796992481,21
6ec44b23-6576-4369-ac76-d66dfe68d777,Shirley Suarez,2,Endurance Trainer,7,0.0,9.291666666666666,81.77083333333333,15
6feeec67-2ed4-4a44-8297-9e3d7807a410,Sean Cherry,0,Consistent All-Rounder,13,0.0,9.40677966101695,86.08050847457628,23
704cfb71-cfe8-420f-97a1-e5ca85842e5a,Elizabeth Kelley,1,Powerlifter,10,0.0,9.85135135135135,81.55405405405405,13
7292e4de-2593-4377-9fa3-11bfbcd74f64,Alexandra Le,1,Powerlifter,9,0.0,9.017241379310345,88.23275862068965,15
7315bf75-7d6d-42f7-a4d7-5499676c023e,Deborah Mahoney,2,Endurance Trainer,6,0.0,8.911111111111111,74.88888888888889,9
74601247-37c0-40c2-93ee-f14dad275dbc,Johnny Sanchez,0,Consistent All-Rounder,13,0.0,9.22340425531915,83.98936170212765,18
75fbb670-37bd-4657-8b7a-532062bdf766,Arthur James,2,Endurance Trainer,7,0.0,8.865384615384615,91.4423076923077,12
779157a8-59d3-492c-92a6-0e8313c384f3,Eric Byrd,1,Powerlifter,12,0.0,8.9,79.09375,12
788bf62f-a4c0-492a-8d9f-c3abdd4f7cf4,Samuel Burke,1,Powerlifter,11,0.0,9.217948717948717,82.82051282051282,16
7a13fbe8-b415-4adb-8a94-80c8dd42c001,Bobby Hall,1,Powerlifter,10,0.0,9.390243902439025,84.45121951219512,15
7bac50bc-93a7-4cc7-b23c-950fd82e3016,Robert Shields,2,Endurance Trainer,4,0.0,8.925,88.0,8
7e6a51d8-bc56-48f6-b8aa-446c38c7300a,Chad Murray,1,Powerlifter,10,0.0,8.364705882352942,83.38235294117646,16
7ee9e2dd-4122-436f-b060-0f0d11b7da25,Nicole Carrillo,2,Endurance Trainer,5,0.0,8.67142857142857,84.71428571428571,12
8067d6af-b56f-41a4-8f70-3e59c0c1e55f,Jesse Mckay,0,Consistent All-Rounder,15,0.0,9.222857142857142,81.92857142857143,26
80c3fab0-7233-4420-885d-554441a95981,Benjamin Ware,2,Endurance Trainer,7,0.0,9.763157894736842,90.42763157894737,16
817dd89b-9111-4dfa-85dd-2c6a70730d8d,Barbara Walker,0,Consistent All-Rounder,12,0.0,9.236842105263158,88.59649122807018,19
81c70b64-181d-4b03-a552-d21a8ae75428,Stuart Gardner,0,Consistent All-Rounder,14,0.0,8.376923076923077,83.38461538461539,20
823d0211-4096-42d5-826e-d737c611b289,Jesse Henderson,1,Powerlifter,9,0.0,9.352941176470589,78.41176470588235,13
83ecfc5f-dc4b-4344-8ffd-69920e4039a0,Elizabeth Brown,0,Consistent All-Rounder,11,0.0,8.928571428571429,92.55952380952381,20
84a52948-cd53-4bf1-ad96-88a466cdc96c,April Mitchell,2,Endurance Trainer,8,0.0,9.126436781609195,82.5,15
8682624e-f7fd-4d56-bf5f-2bef9420f462,Debra Christian,0,Consistent All-Rounder,13,0.0,8.601769911504425,80.46460176991151,19
87753a3e-3016-487f-a9f1-b6cc865e273e,Sandra Montgomery,2,Endurance Trainer,7,0.0,8.98,74.65,10
87a2ec03-33c1-4587-9af0-0e3466ddc76e,Pamela Boyd,0,Consistent All-Rounder,12,0.0,8.588235294117647,78.40686274509804,19
87d361e6-663a-4f5d-814c-508063b50201,Emily Charles,1,Powerlifter,8,0.0,8.827956989247312,86.45161290322581,16
899f77f3-ab0a-41b5-9543-f575ec7c8121,Cory Horton,0,Consistent All-Rounder,20,0.0,9.058823529411764,84.26470588235294,25
8a43a6c6-3e63-4025-b7c7-caf8df43b585,Stephanie Manning,2,Endurance Trainer,7,0.0,8.741379310344827,81.9396551724138,11
8b3690f8-c1ae-41e4-b666-8f0b369180c9,Marcus Johnson,0,Consistent All-Rounder,12,0.0,8.908163265306122,86.0204081632653,20
8ba95a9a-19d0-466e-8e07-eb4a088a5d3f,Jamie Galloway,1,Powerlifter,10,0.0,9.178571428571429,88.69047619047619,16
8bf78917-052f-4ebd-8339-7d922e9646bc,Jacob Moore,2,Endurance Trainer,6,0.0,9.236842105263158,95.13157894736842,9
8d09df55-51e7-4677-bd4d-9a46ff615d75,Ashley Yu,0,Consistent All-Rounder,13,0.0,9.020408163265307,90.58673469387755,20
8dcb6acf-0bda-495a-94ae-c203b7b736d7,Danielle Alvarez,1,Powerlifter,11,0.0,8.987804878048781,85.64024390243902,17
8e22f324-3b96-4837-bf41-fa8e647dde8c,Denise Walker,2,Endurance Trainer,6,0.0,9.2,75.58333333333333,9
907f59d7-d526-45ff-9997-b4012e8250db,Kathryn White,2,Endurance Trainer,6,0.0,10.19047619047619,91.36904761904762,9
9518a62d-9000-4a35-96e2-64b52e3df58a,Alec Ryan,1,Powerlifter,10,0.0,8.342465753424657,81.74657534246575,16
95afb54c-f51b-4b57-b356-98a9495cee38,Jason Soto,1,Powerlifter,11,0.0,8.819148936170214,84.65425531914893,16
95b93546-e431-4cc2-8e3f-10c78b2ad5ad,Susan Harrell,1,Powerlifter,8,0.0,8.974358974358974,88.30128205128206,15
9688135f-96de-4cb9-9331-b07a3cdc7131,Darren Roberts,1,Powerlifter,10,0.0,8.708333333333334,78.15104166666667,16
970b74ae-0407-4765-9922-5f6cdf95cc2a,Alexander Doyle,0,Consistent All-Rounder,18,0.0,8.701570680628272,86.93717277486911,28
97b1159f-efce-4ae2-af83-6152e077408c,Mark Green,0,Consistent All-Rounder,12,0.0,8.684615384615384,85.11538461538461,21
989ccb83-a9bf-48f7-bc87-70528024d146,Anna Davis,0,Consistent All-Rounder,13,0.0,9.401574803149606,85.57086614173228,17
99227a08-54c4-4af5-ab7c-8759e8a27ba6,Devon Flores,1,Powerlifter,11,0.0,8.752808988764045,80.89887640449439,18
9924ed9f-56b9-4b4a-8e40-6889becd0d7d,Ashley Hamilton,2,Endurance Trainer,3,0.0,8.409090909090908,96.81818181818181,6
993ebf2b-733b-41ed-80ad-4eaf9e013dbd,Stephanie Salazar,1,Powerlifter,11,0.0,8.842105263157896,88.75,18
9a96153a-ebc2-459b-9e00-c73796a8ad0f,Ashlee Ramirez,1,Powerlifter,10,0.0,9.013698630136986,82.12328767123287,16
9b98d874-73d2-4dfc-a4eb-ed52651d4bd2,Joseph Donovan,1,Powerlifter,10,0.0,8.340909090909092,88.4375,18
9e542a3f-22dc-40bb-8fb5-d19f4fc86abf,Samuel White,1,Powerlifter,9,0.0,9.3875,95.6875,18
9ea60174-e540-4df4-a00e-239d054a9e45,Jeff Owens,0,Consistent All-Rounder,14,0.0,8.505154639175258,85.97938144329896,20
9f5f2928-2331-46ee-9a13-694d1f7d4b0d,Richard Reed,1,Powerlifter,11,0.0,8.734513274336283,81.8141592920354,19
a00a4520-a5b5-4e48-afc6-ab026ecd820c,Crystal Johnson,2,Endurance Trainer,8,0.0,9.133333333333333,87.58333333333333,13
a197501f-935a-459a-8483-b0f9c57a9568,Jennifer Johnson,0,Consistent All-Rounder,17,0.0,8.386363636363637,85.98484848484848,23
a1d665bc-6eb7-4495-868b-c8aefc17eda2,Shawn Baker,2,Endurance Trainer,7,0.0,9.918032786885245,80.45081967213115,12
a242e808-1414-43f2-9b76-ab51f21585d4,David Garcia,1,Powerlifter,8,0.0,8.275862068965518,80.04310344827586,13
a2a89bb5-17e8-4939-81e6-dd54ccba0678,Whitney Rice,2,Endurance Trainer,6,0.0,9.833333333333334,76.11111111111111,11
a2ff9f25-d906-4ea1-89b8-b0048dfc0467,Jesus Solis,2,Endurance Trainer,8,0.0,9.32876712328767,79.96575342465754,11
a42d54fd-a9f6-46fd-a834-a21a5b926e7a,Darlene Miller,2,Endurance Trainer,5,0.0,9.394736842105264,91.57894736842105,6
a554cfa2-f030-4063-86e3-99aa197bcd0b,Steven Gilbert,1,Powerlifter,10,0.0,8.9,86.1875,17
a60f7734-b5a8-4ac5-a205-68a9d148a7bf,Christopher Daniel,2,Endurance Trainer,7,0.0,8.066666666666666,85.72222222222223,9
a681b96e-cc95-41a2-8d05-864dd210fd25,Roy Warner,1,Powerlifter,10,0.0,9.090909090909092,85.5965909090909,18
a6b8079f-cea6-49b1-bb5c-4cf09d7eb2d3,Ryan Munoz,1,Powerlifter,10,0.0,8.380434782608695,100.95108695652173,19
a7542fea-566b-4a62-9d2b-fd5e4d5959d3,Ellen Ortiz,0,Consistent All-Rounder,14,0.0,8.973451327433628,86.03982300884955,18
a7e50cfb-8276-4ea3-b27a-79abbc047a4b,Michael Evans,0,Consistent All-Rounder,12,0.0,9.355371900826446,85.57851239669421,19
a8565d87-cc41-4942-841b-af09b98aaed2,Jeremy Lewis,1,Powerlifter,12,0.0,8.585106382978724,84.41489361702128,18
a8819ab6-4739-4931-9f79-c8ad24b42163,Nathan Wagner,1,Powerlifter,11,0.0,9.5,83.56770833333333,19
aa4354e6-ccdd-4e23-9a6d-5aba5b6cc89c,Ashley Johnson,1,Powerlifter,9,0.0,8.585365853658537,92.13414634146342,17
aab22782-075c-496e-b525-c6f4ccff823f,Travis Gonzalez,1,Powerlifter,9,0.0,9.197530864197532,83.05555555555556,15
aae6cbbc-9467-4305-925a-796d4051ca1b,Tricia Valencia,1,Powerlifter,11,0.0,8.8,82.0,18
aaf36194-98ce-4ec5-a1b7-101682a3ee52,Deborah Wright,2,Endurance Trainer,7,0.0,9.392857142857142,87.94642857142857,11
ac313e12-d8ea-4e1f-ab05-79eab6df4bd1,Ruth Evans,2,Endurance Trainer,6,0.0,8.647887323943662,85.84507042253522,10
ad0af28d-2815-4bcb-a4de-eccc1d508c1a,Amy Silva,2,Endurance Trainer,6,0.0,8.666666666666666,86.48809523809524,10
ad1b3637-ce65-4806-8bcf-97a444d80f2d,Joshua Ball,0,Consistent All-Rounder,12,0.0,9.0,73.03977272727273,19
ad4b62b9-8457-4931-9cd4-d41c276b2008,Joshua Morrison,0,Consistent All-Rounder,13,0.0,9.196581196581196,85.64102564102564,22
ad5a4316-ede6-48a8-abbd-dffa0801488b,Ronald Miller,1,Powerlifter,8,0.0,8.936708860759493,84.87341772151899,14
ade33083-8b1e-4e55-99e5-5e08a793f2a5,Devin Morton,1,Powerlifter,9,0.0,9.155844155844155,83.92857142857143,14
aec4ec51-bcc9-404b-97fd-19bb8ce020fa,Elizabeth Fowler,1,Powerlifter,9,0.0,9.133333333333333,90.375,11
b00a1f49-8af2-4126-8081-2c49eb1d9164,Nancy Rhodes,1,Powerlifter,10,0.0,9.778846153846153,84.27884615384616,16
b0e4c3be-cc67-4280-b1b3-e14d238e2f92,Lisa Hernandez,0,Consistent All-Rounder,14,0.0,9.37,78.275,22
b2c5a01f-4028-4d05-9291-faa9265371b9,Scott Wright,2,Endurance Trainer,7,0.0,9.583333333333334,71.91666666666667,13
b3087056-4b25-4780-bf21-d176bc2e891d,Derek Zuniga,2,Endurance Trainer,5,0.0,9.707317073170731,91.82926829268293,10
b3be7850-b522-4487-9077-8ba6a04e29b0,Nathan Evans,0,Consistent All-Rounder,13,0.0,9.008064516129032,88.70967741935483,22
b4ce12f8-01bf-429d-a8ee-3a1b7d4cd67a,David Walsh,2,Endurance Trainer,8,0.0,9.492753623188406,82.5,16
b565b47d-0490-4334-b398-900c01181b1c,James Johnson,1,Powerlifter,12,0.0,9.359223300970873,87.0631067961165,17
b5ddfc9d-47a1-4f08-a53b-7104752b8213,James Morgan,1,Powerlifter,9,0.0,8.741176470588234,80.73529411764706,14
b74a9ade-96dc-485a-a2f8-84496423ee74,Jackson Jones,1,Powerlifter,8,0.0,8.529411764705882,92.0220588235294,15
b754c493-2df2-4630-8e55-3b1cf6a26b3e,David Fletcher,2,Endurance Trainer,6,0.0,9.095238095238095,79.88095238095238,12
b85d7a55-3a1c-438a-97a4-f832557c9ad0,Brian Tran,2,Endurance Trainer,7,0.0,8.745098039215687,89.95098039215686,11
b94dd725-9545-4fb6-a611-496be3cf359b,Gina Beard,1,Powerlifter,11,0.0,9.058823529411764,89.90196078431373,14
b99f82a5-15b2-4589-a61c-c4e9ef9d1bbd,Michelle Graham,0,Consistent All-Rounder,16,0.0,8.900709219858156,83.88297872340425,24
b9a49a4b-8923-409a-970c-bbeb72543d56,Jennifer Oliver,1,Powerlifter,8,0.0,8.60919540229885,90.86206896551724,16
baea10a3-9ab5-4740-b7e2-b2660a188c9c,Aaron Nguyen,1,Powerlifter,10,0.0,7.901234567901235,84.35185185185185,17
bc9d28d4-3a34-48ed-a036-aa7c9aede525,Daniel Velasquez,2,Endurance Trainer,7,0.0,8.673469387755102,73.8265306122449,11
bce034be-28f1-42c4-b613-da7e2ab952de,Ryan Davis,1,Powerlifter,8,0.0,9.351648351648352,92.5,15
bdcaa108-0aed-403f-b9f8-23eebc56e507,Sierra Sanchez,1,Powerlifter,11,0.0,8.936507936507937,82.46031746031746,13
bdeda66c-5e26-4e77-8c13-0188cbd8a29e,Kelly Williams,1,Powerlifter,7,0.0,8.76388888888889,89.375,14
bdfec3b2-6449-4ab9-9d06-f286e7639b02,Rita Adams,2,Endurance Trainer,8,0.0,8.823529411764707,85.51470588235294,12
be52ffc8-2cf7-4976-a677-7966323f17e6,Ronald Kelley,1,Powerlifter,8,0.0,9.5,83.5546875,15
bedf98cc-b57b-4953-ad5c-b076c090b41a,Curtis Johnson,1,Powerlifter,11,0.0,9.558823529411764,90.1470588235294,17
bf0cc36c-27cb-415f-babf-913aa4c23931,Mary Foster,2,Endurance Trainer,8,0.0,8.98,81.2,12
bf0d340c-1119-41ac-a283-8452e2e82ee2,Melissa Burton,0,Consistent All-Rounder,14,0.0,8.756521739130434,88.54347826086956,20
bf20ca6c-43d9-43bb-9f8d-db92ea6763d6,Aaron Frost,0,Consistent All-Rounder,15,0.0,9.253521126760564,81.07394366197182,19
bfd5aa5a-a35e-4715-b98f-c162fc98be00,Robert Perez,2,Endurance Trainer,9,0.0,10.080645161290322,77.13709677419355,10
c13090fb-65af-4505-9d50-620bbfd1766f,Joshua Williams,1,Powerlifter,9,0.0,8.430769230769231,87.1923076923077,13
c16b72c8-5cd2-4686-90fe-6529353e66b7,Justin Baker,2,Endurance Trainer,7,0.0,8.636363636363637,95.31818181818181,11
c1883e2b-8d4e-45a4-a121-b35f33ed035d,Scott Ray,1,Powerlifter,7,0.0,9.0375,79.9375,14
c1dd8bc3-32ca-464b-970a-2c776213688d,Nicholas Nunez,2,Endurance Trainer,5,0.0,8.194444444444445,88.26388888888889,6
c20feb97-be77-48c1-afc3-fc0bcd5f1df6,Jessica Holmes,0,Consistent All-Rounder,15,0.0,8.238938053097344,90.61946902654867,21
c23c530e-fead-4545-8fca-1df7be5a04e0,Tyler Sanders,1,Powerlifter,11,0.0,9.08641975308642,88.48765432098766,18
c2475a72-463a-451e-bb24-b9ee7f904499,Daniel Anderson,0,Consistent All-Rounder,12,0.0,8.962616822429906,87.85046728971963,18
c2f028f9-3f75-42b9-b153-171710098e6c,Scott Ashley,1,Powerlifter,9,0.0,8.012345679012345,72.87037037037037,16
c3e3d304-8456-41c7-ad74-72299dd210bd,Martin Ross,1,Powerlifter,9,0.0,8.938271604938272,91.48148148148148,16
c3f18dbb-5b8d-41b7-977a-90c3e9c2742f,Bryan Riggs,1,Powerlifter,11,0.0,9.1375,85.5625,15
c3fe41ba-4d20-4945-bf93-a111f01919a5,Jacob Clark,1,Powerlifter,12,0.0,9.193548387096774,87.76881720430107,17
c420b5af-bbf5-4867-93cb-4f3f73c0b6fb,Mark Diaz,0,Consistent All-Rounder,13,0.0,8.307692307692308,78.96634615384616,19
c4239aee-aa97-4054-9a85-8c9b66334765,Benjamin Welch,2,Endurance Trainer,7,0.0,9.075757575757576,88.93939393939394,14
c4241c4b-71f3-472e-ab94-4543bf4fe684,Stephanie Clark,0,Consistent All-Rounder,18,0.0,9.452554744525548,85.07299270072993,27
c616c91f-04ca-47f9-b276-598cea14e342,Daniel Murphy,2,Endurance Trainer,6,0.0,9.254545454545454,86.13636363636364,10
c6184057-f14d-4503-beb9-3130bc798eef,Marie Gardner,1,Powerlifter,10,0.0,9.337078651685394,77.8932584269663,18
c725fea8-07a6-4cac-a74f-b1ca78243799,Jeffrey Carpenter,0,Consistent All-Rounder,16,0.0,8.961538461538462,85.25,20
c7b7e364-f41f-48c0-8580-748956e6e805,John Pierce,0,Consistent All-Rounder,12,0.0,9.214285714285714,84.70982142857143,18
c7c5d33a-4698-4c0b-8422-c0b7359375db,Matthew Marshall,0,Consistent All-Rounder,14,0.0,9.491525423728813,85.40254237288136,18
c828c171-9d4c-4f9d-9f22-7ace8cabb287,Alexander Day,2,Endurance Trainer,6,0.0,8.9375,90.3515625,11
c8636fab-648e-4e79-a973-a0a8d7fd5b7c,Shannon Cannon,1,Powerlifter,8,0.0,9.070422535211268,88.41549295774648,15
c93c5195-57ec-42ca-9c58-97ee3b253bda,Kimberly Adkins,1,Powerlifter,8,0.0,8.830508474576272,95.0,15
c97de38e-a37d-4da1-9f9a-74b2591fc6ed,Nicholas Sheppard,1,Powerlifter,9,0.0,8.52,84.85,12
ca70499a-9977-4a8c-a2c6-7e4bbc9971e3,Zachary Ferrell,0,Consistent All-Rounder,16,0.0,8.8130081300813,85.95528455284553,22
cb2d2776-76f4-46d9-9045-174f5c2e8448,Jeremy Callahan,0,Consistent All-Rounder,16,0.0,9.46103896103896,84.15584415584415,24
cb3e7c93-74a1-41b1-b119-569e1b205c04,Mary Mcmillan,1,Powerlifter,12,0.0,9.242990654205608,83.29439252336448,14
cbae18ec-c15b-42bf-a3fa-21dc60ac2a9e,James Brown,2,Endurance Trainer,9,0.0,10.051724137931034,86.72413793103448,14
cc57bfbc-2e6e-4b57-9b1f-f075e051037e,David Charles,1,Powerlifter,10,0.0,9.484848484848484,88.78787878787878,18
cedfea1d-b4e3-41e6-9dcb-c737ae284bc1,Daniel Wagner,1,Powerlifter,10,0.0,9.01980198019802,86.46039603960396,18
cf32f1ae-0ffb-4d1e-a24a-4bb10731cd62,Miguel Jones,0,Consistent All-Rounder,16,0.0,8.771653543307087,78.7007874015748,25
cf596005-47c2-458c-aaa5-9c4114478f1d,Michael Williams,0,Consistent All-Rounder,15,0.0,8.554545454545455,83.1590909090909,23
d001e62b-c8af-43a4-8b88-08d2246c5ea7,Bethany Fisher,2,Endurance Trainer,9,0.0,9.2,83.36363636363636,14
d01cdc38-4de0-416c-af5e-8713946c784d,Taylor Duncan,2,Endurance Trainer,4,0.0,10.326530612244898,80.81632653061224,10
d03418b2-7c7f-4bd7-afb5-a76679919296,Michael Hill,2,Endurance Trainer,7,0.0,8.048780487804878,84.02439024390245,10
d0639297-9542-4b45-a0e4-3c8f246520ed,Yvonne Huff,0,Consistent All-Rounder,14,0.0,9.330645161290322,91.47177419354838,22
d07ae067-b005-475a-b9c5-905d7904d08f,Kurt Leonard,1,Powerlifter,10,0.0,10.0,85.49019607843137,15
d09be9db-a672-4a30-a034-5e1ef33adcda,James Ray,2,Endurance Trainer,6,0.0,9.620689655172415,77.24137931034483,12
d10a094a-1b52-4769-b4b5-d0b7c3fe7417,Jason Stein,0,Consistent All-Rounder,13,0.0,8.54,86.225,20
d21d2c80-3243-4fa4-9722-2c6631be4bf4,Todd Wilson,2,Endurance Trainer,5,0.0,9.191489361702128,86.22340425531915,11
d28370e9-31fc-409c-b33d-bd8e42229d80,Joshua Dudley,1,Powerlifter,10,0.0,8.935064935064934,84.74025974025975,15
d32b03bc-8c0a-4800-a183-07590c763406,Brent Jordan,2,Endurance Trainer,6,0.0,8.444444444444445,81.44444444444444,11
d35d3464-9775-47bd-834e-7efc6cc1c5ea,Martha Smith,1,Powerlifter,9,0.0,8.945945945945946,87.39864864864865,15
d3de40d4-9b28-47c8-881b-6448cffbda48,Jason Daniels,1,Powerlifter,11,0.0,8.64,84.93333333333334,14
d522eac8-f13b-4e73-9ec4-99f984a78b37,Mitchell Harris,0,Consistent All-Rounder,15,0.0,8.939130434782609,80.28260869565217,21
d5749029-fbee-4154-ad9b-441a1190f419,Benjamin Hodges,0,Consistent All-Rounder,13,0.0,8.768518518518519,87.87037037037037,20
d656a4d0-a156-4068-8b17-da88dcde4048,Bobby Lopez,2,Endurance Trainer,4,0.0,10.0,90.9375,8
d6ee4b7f-32fa-44a2-8b1b-33682d95a6f9,Connor West,1,Powerlifter,10,0.0,8.696969696969697,91.43939393939394,13
d746d720-76a1-4c24-8bfa-01e7a60ec5f3,Robert Keith,1,Powerlifter,9,0.0,9.25,87.76785714285714,12
d7634374-b7f4-4e30-8eab-f1333f948880,Jeffrey Smith,0,Consistent All-Rounder,14,0.0,8.818965517241379,82.80172413793103,20
d7754ebc-b014-4fc3-b3c7-3d734c05fa83,Mackenzie Rogers,1,Powerlifter,9,0.0,9.292307692307693,87.53846153846153,17
d837a94e-cc11-42a3-9b5f-6c42dfa78dac,Tonya Baker,1,Powerlifter,8,0.0,9.162162162162161,89.32432432432432,18
d8a84371-0bf6-4018-8bce-f9cf7c35a04e,Paul Wilson,1,Powerlifter,9,0.0,9.433333333333334,84.66666666666667,16
da06f410-26c6-4a37-86b7-f82cd7e7b670,Chad Wilson,0,Consistent All-Rounder,14,0.0,9.160377358490566,82.33490566037736,23
da55909c-be12-4286-97b9-accf3116d5bd,Gabriella Shelton,0,Consistent All-Rounder,15,0.0,9.174242424242424,82.55681818181819,19
db348f66-63f2-49e9-8548-e9a92485f646,Paul Decker,1,Powerlifter,10,0.0,8.40983606557377,84.09836065573771,12
db932f83-92db-40a4-8569-7a0350236a5d,Michael Wang,2,Endurance Trainer,7,0.0,9.67741935483871,85.7258064516129,12
dd7d6448-7de2-4915-981e-bd4f8dec39b9,Kyle Dodson,1,Powerlifter,9,0.0,9.296875,77.890625,14
de0deb30-341d-413d-a5ad-a65c6e400987,Eugene Walton,0,Consistent All-Rounder,13,0.0,8.704347826086957,79.76086956521739,16
de78c304-92d8-46ed-931a-317363dcdc34,Patrick Lambert,2,Endurance Trainer,6,0.0,8.466666666666667,89.16666666666667,9
df743133-fbed-4096-93e8-400a3410ff46,Jeffrey Johnson,1,Powerlifter,9,0.0,8.846153846153847,91.03846153846153,15
e115e9e2-469c-47a3-a6c8-bac9af8e802a,Guy Molina,1,Powerlifter,10,0.0,9.1125,82.9375,16
e180590d-a0f0-4b4d-b14e-f8af51c51bbf,Robert Oconnell,0,Consistent All-Rounder,12,0.0,9.485714285714286,83.23809523809524,20
e34c2f8f-2ef9-4138-923e-93337e72674a,Brandon Williams,2,Endurance Trainer,7,0.0,8.901639344262295,87.04918032786885,13
e37417ab-16e4-4008-8f47-bff9f1204620,James Robinson,1,Powerlifter,11,0.0,9.121621621621621,73.3445945945946,17
e3cf6eaf-03bb-4ac7-8315-1ec350d610f1,Victoria Garcia,1,Powerlifter,9,0.0,9.397849462365592,94.86559139784946,18
e3d8c2d4-a0a2-4510-9c52-b8323dc2bc30,Christopher Gray,0,Consistent All-Rounder,14,0.0,8.439024390243903,75.65040650406505,22
e418f7bc-052a-4573-9e83-9e9bbdb5fec6,Christopher Spears,0,Consistent All-Rounder,13,0.0,8.788135593220339,86.97033898305085,23
e521b982-40b8-4aa6-99a3-e8c661654201,Samuel Martin,1,Powerlifter,9,0.0,8.797297297297296,81.21621621621621,13
e713181d-0488-435f-a8cd-6bd08a12c575,Daniel Robinson,2,Endurance Trainer,9,0.0,9.054794520547945,78.83561643835617,10
e785fd5d-2d4e-4427-8760-c586c5668787,Tina Cowan,2,Endurance Trainer,5,0.0,8.117647058823529,77.8921568627451,8
e7d99fbd-eadb-4a41-85e0-2301942442e8,Jeffrey Wood,2,Endurance Trainer,5,0.0,9.657894736842104,89.9342105263158,9
e7e2ee83-39e3-4017-89ed-f1b1ca089215,Eric Nolan,0,Consistent All-Rounder,18,0.0,9.119718309859154,92.41197183098592,23
ea7f98d6-cd33-4b1a-9bbf-95cef8c96c8e,Madison Baker,2,Endurance Trainer,8,0.0,8.953488372093023,86.16279069767442,15
eb470c1b-9d9b-4ef4-8575-569dee402b49,Paige Gray,1,Powerlifter,9,0.0,9.254237288135593,88.89830508474576,16
ebaeabd0-a273-4692-8129-987bb8934129,Rachel Rodriguez,0,Consistent All-Rounder,14,0.0,8.853658536585366,85.36585365853658,20
ec44c53f-c9e4-4198-b904-4e61bc29fc76,Ashley Graham,2,Endurance Trainer,7,0.0,9.841269841269842,92.10317460317461,12
ec6940d8-bed9-45a5-844c-9b7d5a2f88c5,Paula Moreno,1,Powerlifter,9,0.0,9.561643835616438,92.22602739726027,14
ed93e08b-90ca-4fa7-92a4-174efc081caf,Mark Hill,1,Powerlifter,8,0.0,8.173913043478262,68.09782608695652,13
edfb78a5-0ff6-4b52-9826-e031751492ea,Jason Clark,3,Casual,0,0.0,0.0,0.0,0
f0aa709c-e1b5-4940-a3a2-52fa0cc93d1a,Christopher Yu,2,Endurance Trainer,8,0.0,9.483870967741936,77.5,10
f0fa833f-d7cf-4391-9092-5cbea205475e,David Wilson,2,Endurance Trainer,6,0.0,9.203703703703704,93.05555555555556,10
f1dfcc6a-c8a6-469b-a83b-371c9ecba97b,John Santana,0,Consistent All-Rounder,16,0.0,8.593548387096774,79.08064516129032,22
f1edcf6f-2cac-41dd-b12a-111c17d4c16f,Derek Brennan,0,Consistent All-Rounder,15,0.0,8.680327868852459,89.24180327868852,21
f297104d-8f67-4106-b19e-9b8bb165fa92,Rhonda Lee,2,Endurance Trainer,9,0.0,9.140625,86.015625,14
f7e99a39-bdd5-4b95-8a05-055a864f31ad,John Green,2,Endurance Trainer,6,0.0,8.404761904761905,75.29761904761905,10
f944bbbf-f7aa-4d2c-889f-5d17811de8bd,Joshua Taylor,1,Powerlifter,12,0.0,8.8,84.975,16
f99593c6-de39-4bf8-a472-a67eef07b91f,Steve Sanchez,1,Powerlifter,9,0.0,9.23611111111111,82.98611111111111,13
f9dcabdc-ab7e-44b5-8b23-cb1e56d1a8c7,Whitney Santos,2,Endurance Trainer,6,0.0,9.384615384615385,86.34615384615384,12
f9f9917c-e986-4c7e-8d76-8f9ea3af4fbd,Ruben Aguilar,1,Powerlifter,11,0.0,8.86021505376344,85.75268817204301,18
fa7870bf-f951-4323-85a2-5223258c660d,Adam Vaughan,1,Powerlifter,11,0.0,9.450980392156863,88.79901960784314,16
fa9c9b65-bf2d-4857-a767-695d9b845b72,Kevin Dominguez,1,Powerlifter,10,0.0,8.586206896551724,89.54022988505747,16
fb57ef4c-820e-4eb5-801f-e2b66f841b58,Alexander Gonzalez,1,Powerlifter,10,0.0,8.582278481012658,85.66455696202532,17
fed50798-7f9f-4528-b91f-de83832b2800,James Phillips,2,Endurance Trainer,5,0.0,8.846153846153847,88.89423076923077,12
